failed_syllable	failed_word	gold_line	gold_pattern	predicted_pattern	morphological_analysis	lemma	pos
τι	Χρι_στι^α_νῶν	οἶδ'ὅπωςπρὸςτὰ_ςκέλσουκα^τὰ^χρι_στι^α_νῶνἐνσυγγράμμα^σι^	HLHHHHHLHHLHHHHHLL	HLHHHHHLL--HHHHHLL	Case=Gen|Gender=Masc|Number=Plur	Χριστιανός	NOUN
πι	πι^θα^νότητα^	καὶταῖςκα^τηγορί^αιςμηδὲπι^θα^νότητα^εἰςτὸδύ^να^σθαίτι^	HHLHLLHHLLLLHLHLLHHL	HHLHLLHHL-LLHLHLLLHL	Case=Acc|Gender=Fem|Number=Sing	πιθανότης	NOUN
δι	ἐνδιδόντος.	αὐτὰ_ςἐνδιδόντοςπερὶ^δὲτοῦἰησοῦὅτι^ἐσι^ώπα_	HHHHHHLLLHHHHLLLLHH	HHH-HHLLLHLHHLLLLHH	Case=Gen|Gender=Masc|Number=Sing|Tense=Pres|VerbForm=Part|Voice=Act	ἐνδίδωμι	VERB
ρἰ	ἰ_σοδυ^να^μοῦντα^	πα^ρα^θέσθαιτὰ^γὰ^ρἰ_σοδυ^να^μοῦντα^αὐτῷὁμάρκοςἔγραψεν	LLHHLLHLLLHLHHLHLHHH	LLHHLLLLLLHLHHLHL-HH	Case=Acc|Gender=Masc|Number=Sing|Tense=Pres|VerbForm=Part|Voice=Act	ἰσοδυναμόω	VERB
σι	λέξι^ς·	ἔχειδ'οὕτωςἡτοῦματθαίουλέξι^ςὁδὲἀρχι^ερεὺς	LHHHHHHHHHHLLHLLH	LHHHHHHHHHLLLH-LH	Case=Nom|Gender=Fem|Number=Sing	λέξις	NOUN
χι	ἀρχι^ερεὺς	ἔχειδ'οὕτωςἡτοῦματθαίουλέξι^ςὁδὲἀρχι^ερεὺς	LHHHHHHHHHHLLHLLH	LHHHHHHHHHLLLH-LH	Case=Nom|Gender=Masc|Number=Sing	ἀρχιερεύς	NOUN
ρι	συ^νέδρι^ον	καὶτὸσυ^νέδρι^ονἐζήτουνψευδομαρτυ^ρί^α_νκα^τὰ^τοῦἰησοῦ	HLLHLLHHHHLHLLHLLHHHH	HLL--LHHHHLHLLHLLHLHH	Case=Nom|Gender=Neut|Number=Sing	συνέδριον	NOUN
σι	σι^δήρῳ	σι^δήρῳκαὶἀ^πα^θὴςτὸσῶμα^πλασσόμενοςεἶτα^	LHHHLLHLHHHLLLHL	-HHHLLHLLL-LLLHL	Case=Dat|Gender=Neut|Number=Sing	σίδηρον	NOUN
σα	'σχί^σα^ς	κα^τα^δὺ_ςἄτρωτοςὑ^πὸγῆν'σχί^σα^ςὀρθῷποδὶ^γᾶν	LLHHHLLLHLLHHLLH	LLH-HLLLHLHHHLLH		'	INTJ
λι	ἀ^πολι^όρκητος	πα^λαίεινἀ^ήττητόςἐστι^καὶπερι^τειχι^ζόμενοςἀ^πολι^όρκητος	LHHLHHLHLHLLHHLLLLLLHHH	LHHLHHLHLHLLHLLLLLL-HHH	Case=Nom|Gender=Masc|Number=Sing	ἀπολιόρκης	NOUN
νά	ἀ^νά^λωτος,	καὶπωλούμενοςὑ^πὸτῶνπολεμί^ωνἀ^νά^λωτοςοὐθὲν	HHHLLLLHLLLHLLHLHH	HHHLLLLHLLLHLHHLHH	Case=Nom|Gender=Masc|Number=Sing	ἀνάλωτος	ADJ
ρι	Εὐρι_πί^δου	ὁεὐρι_πί^δουἰ^όλα_οςἐξἀ^δρα^νοῦςκαὶπα^ρήλι^κοςεὐχῇ	LHHLHLLHLHHLHHLHLLHH	LH-LHLLLLH-LHHLHLLHH	Case=Gen|Gender=Masc|Number=Sing	Εὐριπίδου	PROPN
λα	Ἰ^όλα_ος	ὁεὐρι_πί^δουἰ^όλα_οςἐξἀ^δρα^νοῦςκαὶπα^ρήλι^κοςεὐχῇ	LHHLHLLHLHHLHHLHLLHH	LH-LHLLLLH-LHHLHLLHH	Case=Nom|Gender=Masc|Number=Sing	ἰόλαος	NOUN
κα	κα^τ'	ἀ^ρετὴνκαὶγέγονενἐκῥυ_σοῦκαὶὠχροῦκαὶκα^τ'αἰσχύ^λον	LLHHLLLHHHHHHHHHLH	LLHHLLL-HHHHHHLHLH		κατά	ADP
τἀ	ἀ^πὸ	ζεὺςμὲνἀ^φίκτωρἐπί^δοιπροφρόνωςστόλονἡμέτεροννάιονἀρθέντ'ἀ^πὸπροστομί^ωνλεπτοψα^μά^θωννείλουδί_α_νδὲλι^ποῦσαι	HLLHHLLHLLHLLHLLHHLLHHLLHLLHHHLLHHHHHLLHH	HLLHHLLH-LHLLHLLHHLHHL-HLLHHHLLHHHHHLLHH		ἀπό	ADP
σα	λεπτοψα^μά^θων	ζεὺςμὲνἀ^φίκτωρἐπί^δοιπροφρόνωςστόλονἡμέτεροννάιονἀρθέντ'ἀ^πὸπροστομί^ωνλεπτοψα^μά^θωννείλουδί_α_νδὲλι^ποῦσαι	HLLHHLLHLLHLLHLLHHLLHHLLHLLHHHLLHHHHHLLHH	HLLHHLLH-LHLLHLLHHLHHL-HLLHHHLLHHHHHLLHH	Case=Gen|Gender=Fem|Number=Plur	λεπτοψάμαθος	NOUN
σα	φυξα_νορί^αν,	ἀλλ'αὐτογενεῖφυξα_νορί^ανγά^μοναἰγύπτουπαίδωνἀ^σεβῆτ'ὀνοταζόμεναιδι^ά^νοια^ν	HHLLHHHLLHLLHHHHHLLHLLHLLHLLHH	HHLLHHLLLHLLHHHHHLLHLLHLLHLLHL	Case=Acc|Gender=Fem|Number=Sing	φυξανορία	NOUN
δα	Κρονί^δα_ο	εἰπέθεά_κρονί^δα_οδι^άκτοροναἴθοποςαὐγῆς	HLLHLLHLLHLLHLLHH	HLL-LLLL-HLLHLLHH	Case=Gen|Gender=Masc|Number=Sing	Κρονίδης	NOUN
δι	δι^άκτορον	εἰπέθεά_κρονί^δα_οδι^άκτοροναἴθοποςαὐγῆς	HLLHLLHLLHLLHLLHH	HLL-LLLL-HLLHLLHH	Case=Acc|Gender=Masc|Number=Sing	διάκτορος	NOUN
πυ	πυ^ρὸς	βάκχουδισσοτόκοιοτὸνἐκπυ^ρὸςὑγρὸνἀ^είρα_ς	HHHLLHLLHLLHLLHH	HH-LLHLLHHL-LLHH	Case=Gen|Gender=Neut|Number=Sing	πῦρ	NOUN
νι	πότνι^α^	ἄ^ρσενι^γαστρὶ^λόχευσεπα^τὴρκαὶπότνι^α^μήτηρ	HLLHLLHLLHHHLLHH	LLL-LLHLLHH--LHH	Case=Nom|Gender=Fem|Number=Sing	πότνια	NOUN
κύ	ἐγκύ_μονι^	ἄσπορονὄγκονἄ^πι^στονἔχωνἐγκύ_μονι^κόρσῃ	HLLHLLHLLHHHLLHH	-LLHLLLLLHHLLLHH	Case=Dat|Degree=Pos|Gender=Masc|Number=Sing	ἐγκύμων	ADJ
τι	τι^νάξα^τε	ἄ^ξα^τέμοινάρθηκα^τι^νάξα^τεκύ^μβα^λα^μοῦσαι	HLLHHHLLHLLHLLHH	LLLHHHL-HLLLLLHH	Aspect=Perf|Mood=Ind|Number=Plur|Person=2|Tense=Past|VerbForm=Fin|Voice=Act	τινάσσω	VERB
δι	Δι^ονύ_σου:	καὶπα^λά^μῃδότεθύρσονἀ^ειδομένουδι^ονύ_σου	HLLHLLHLLHLLHLLHH	HLLHLLHLLHLLH-LLH	Case=Gen|Gender=Fem|Number=Sing	διόνυσος	NOUN
νύ	Δι^ονύ_σου:	καὶπα^λά^μῃδότεθύρσονἀ^ειδομένουδι^ονύ_σου	HLLHLLHLLHLLHLLHH	HLLHLLHLLHLLH-LLH	Case=Gen|Gender=Fem|Number=Sing	διόνυσος	NOUN
γι	Γι^γά^ντων:	φρικτὰ^δρα^κοντοκόμωνἐδα^ΐ^ζετοφῦλα^γι^γά^ντων	HLLHLLHLLHLLHLLHH	HLLHLLHLLLLLHL-HH	Case=Gen|Gender=Fem|Number=Plur	γίγας	NOUN
τύ	Κρα^τύ_λος	κρα^τύ_λοςφησὶ^νὅδεὦσώκρα^τεςὀνόμα^τοςὀρθότητα^εἶναιἑκάστῳτῶνὄντωνφύ^σειπεφυ_κυῖα^νκαὶοὐτοῦτοεἶναιὄνομα^ὃἄ^ντι^νεςσυ^νθέμενοικα^λεῖνκα^λῶσι^τῆςαὑτῶνφωνῆςμόρι^ονἐπι^φθεγγόμενοιἀλλὰ^ὀρθότητά^τι^να^τῶνὀνομά^τωνπεφυ_κέναικαὶἕλλησι^καὶβα^ρβά^ροιςτὴναὐτὴνἅ^πα_σι^ν	LHHHLLLHHLLLLLHHLHLHHLHHHHHLHLHHHHHHLHHLLLLHLHHLLHLHLHLHHHHHLLLLHHLLHHLHLHLLLHLLLHLHLHHHHLHHLHHHHLHH	LLHHLLLHHLLLLLLHLHLHHL-HHHHLHLHHLHHHLHHLLLLHLHHLLHLHLHLHHHHHLLLLHHLLHHLHLHLLLHLLLHLHLHHHHLHLLHHHHLHL	Case=Nom|Gender=Masc|Number=Sing	Κρατύλος	ADJ
τύ	Κρα^τύ_λος	ἐρωτῶοὖναὐτὸνἐγὼεἰαὐτῷκρα^τύ_λοςτῇἀ^ληθείᾳὄνομα^ἐστὶ^νἢοὔὁδὲὁμολογεῖ	LHHHHLLHHHHLHHHLHHHLLLHLHHLLLLLH	LHHHHLLHHHHLLHHLHHHLLLHLHHLLLLLH	Case=Nom|Gender=Masc|Number=Sing	Κρατύλος	ADJ
τύ	Κρα^τύ_λου	εἰοὖνπῃἔχειςσυ^μβα^λεῖντὴνκρα^τύ_λουμα^ντεία_νἡδέωςἂ^νἀ^κούσαιμι^	HHHLHHLHHLHHHHHHLHLLHHL	HHHLHLLHHLLHLHHHLHLLHHL	Case=Gen|Gender=Masc|Number=Sing	Κρατύλω	ADJ
ρι	Πρι^ά^μοιο	δὴτότετρῶεςἔμιμνονἀ^νὰ^πρι^ά^μοιοπόληα^	HLLHLLHLLHLLHLLHL	HL-HLLHLLL-LHLLHL	Case=Gen|Gender=Masc|Number=Sing	πρίαμος	NOUN
ρα	θρα^σύφρονος	δειδι^ότεςμένοςἠῢ^θρα^σύφρονοςαἰα^κί^δα_ο	HLLHLLHLLHLLHLLHL	HLLHLLH-H-LLHLLLL	Case=Gen|Gender=Masc|Number=Sing	θρασύφρων	ADJ
δα	Αἰα^κί^δα_ο:	δειδι^ότεςμένοςἠῢ^θρα^σύφρονοςαἰα^κί^δα_ο	HLLHLLHLLHLLHLLHL	HLLHLLH-H-LLHLLLL	Case=Gen|Gender=Masc|Number=Sing	αἰακίδης	NOUN
νὰ	ἀ^νὰ^	ἰ_ληδὸνπτώσσουσαιἀ^νὰ^ῥωπήι^α^πυκνά^	HHHHHLLHHHLLHL	HHHHHHLLHHL-L		ἀνά	ADP
νά	πυκνά^:	ἰ_ληδὸνπτώσσουσαιἀ^νὰ^ῥωπήι^α^πυκνά^	HHHHHLLHHHLLHL	HHHHHHLLHHL-L	Case=Nom|Gender=Neut|Number=Plur	πυκνός	ADJ
ρι	ὄβρι^μου	ὥςοἱἀ^νὰ^πτολί^εθρονὑ^πέτρεσα^νὄβρι^μουἄ^νδρα^	HLLHLLHLLHLLHLLHL	HHLLLL-LL-LL--HHL	Case=Gen|Gender=Masc|Number=Sing	ὄβριμου	ADJ
ἀ	δι^᾽	ἄλλουςθ᾽ὡςἐδά^ϊξεδι^᾽ἀ_κα^μά^τοιοθα^λάσσης	HHHLLHLLHLLHLLHH	HHHLLHLLLLLHLL-H		δι᾽	ADV
νι	ἀ^νι_ηρὸν	ἀμφὶ^δ᾽ἄ^ρα^σφί^σι^πένθοςἀ^νι_ηρὸνπεπότητο	HLLHLLHLLHHHLLHL	HLLLLLHLL-HHLLHL	Case=Nom|Degree=Pos|Gender=Neut|Number=Sing	ἀνιηρὸς	ADJ
πυ	πυ^ρὶ^	ὡςἤδηστονόεντι^κα^ταιθομένηςπυ^ρὶ^τροίης	HHHLLHLLHLLHLLHH	HHHLLHLLHLLHHLHH	Case=Dat|Gender=Neut|Number=Sing	πῦρ	NOUN
τι	πνεύμα^τι^	ὄμμα^σι^νωθρὰ^βλέπουσα^τὰ^δ᾿ἠύτεπνεύμα^τι^φύλλα^	HLLHLLHLLHHHLLHL	HLLHLLHLLHL-HLLLL	Case=Dat|Gender=Neut|Number=Sing	πνεῦμα	NOUN
ρί	πρί^ων	ἀλλ’αὐτὸςἔφερεπάντα^χὠπρί^ωνἀ^πῆν	HHLLLLHLHLHLH	HHLLLLLLHHHLH	Case=Nom|Gender=Masc|Number=Sing	πρίων	NOUN
σα	Εἴσα^γ’,	ὁδ’ἀ^νεῖπενεἴσα^γ’ὦθέογνι^τὸνχορόν	LLHLHLHLHLHLH	LLHLHHHL-LHLH	Mood=Imp|Number=Sing|Person=2|Tense=Pres|VerbForm=Fin|Voice=Act	Εἴσαγ	VERB
κα	κα^τέσχε	ἐπεὶοὐδὲκλεομένηςὃςαὐτὴνκα^τέσχεπρῶτος	LHLLLLHLHHLHLHH	LHH-LLLHLHHLH-HH	Aspect=Perf|Mood=Ind|Number=Sing|Person=3|Tense=Past|VerbForm=Fin|Voice=Act	κατέχω	VERB
σι	ἐξι^πώκα^τον.	ὡςἐμοῦγετὼξύ^λωτὸνὦμονἐξι^πώκα^τον	HLHLHLHLHLHLHLL	HLHLHLHLHLH-HLH	Case=Acc|Gender=Neut|Number=Sing	ἐξιπώκατος	ADJ
λά	ἀ^ποσβεσθὲν	μήμ'ἀ^ποσβεσθὲνλά^θῃπρὸςτῇτελευτῇτῆςὁδοῦ	HLHHHLHHHLHHHLH	HLHHHHHHHLHHHLH	Aspect=Perf|Case=Acc|Gender=Neut|Number=Sing|Tense=Past|VerbForm=Part|Voice=Pass	ἀποσβεσθὲν	VERB
σἀ	ἀρήξομεν;	ἢπότ'αὐτῇμᾶλλονἢνῦνὦλά^χηςἀρήξομεν	HLHHHLHHHLHHHLH	HLHHHLHHHLHLHLH	Mood=Ind|Number=Plur|Person=1|Tense=Fut|VerbForm=Fin|Voice=Act	ἀρήξομεν;	VERB
νι	Νι_κοδί^κη,	πέτουπέτουνι_κοδί^κηπρὶ^νἐμπεπρῆσθαικα^λύ^κηντεκαὶκρί^τυλλανπερι^φυ_σήτω	LHLHHLLHLHLHHLLHLHLHHLLHHH	LHLH-LLHLH-HHLLHLHHHLL-HHH	Case=Voc|Gender=Fem|Number=Sing	Νικοδίκης	NOUN
ρί	Κρί^τυλλαν	πέτουπέτουνι_κοδί^κηπρὶ^νἐμπεπρῆσθαικα^λύ^κηντεκαὶκρί^τυλλανπερι^φυ_σήτω	LHLHHLLHLHLHHLLHLHLHHLLHHH	LHLH-LLHLH-HHLLHLHHHLL-HHH	Case=Acc|Gender=Masc|Number=Sing	Κρίτυλλας	NOUN
ρι	περι^φυ_σήτω	πέτουπέτουνι_κοδί^κηπρὶ^νἐμπεπρῆσθαικα^λύ^κηντεκαὶκρί^τυλλανπερι^φυ_σήτω	LHLHHLLHLHLHHLLHLHLHHLLHHH	LHLH-LLHLH-HHLLHLHHHLL-HHH	Aspect=Perf|Mood=Imp|Number=Sing|Person=3|Tense=Past|VerbForm=Fin|Voice=Pass	περιφυσήτω	VERB
α	κνεφαία_	νυνδὴγὰ^ρἐμπλησα^μένητὴνὑ^δρί^ανκνεφαία_	HHLHHLLHHLLHLHH	HHLHHLLHH-LHLHL	Case=Nom|Degree=Pos|Gender=Neut|Number=Plur	κνεφαίος	ADJ
ἀ	ἀ_ρα^μένη,	ἀ_ρα^μένηταῖσι^νἐμαῖςδημότι^σινκα_ομέναις	HLLHHLLHHLLHHLLH	LLLHHLLHHL-LLLLH	Aspect=Perf|Case=Nom|Gender=Fem|Number=Sing|Tense=Past|VerbForm=Part|Voice=Mid	ἀέρομαι	VERB
τι	δημότι^σιν	ἀ_ρα^μένηταῖσι^νἐμαῖςδημότι^σινκα_ομέναις	HLLHHLLHHLLHHLLH	LLLHHLLHHL-LLLLH	Case=Dat|Gender=Masc|Number=Plur	δημότις	NOUN
κα	κα_ομέναις	ἀ_ρα^μένηταῖσι^νἐμαῖςδημότι^σινκα_ομέναις	HLLHHLLHHLLHHLLH	LLLHHLLHHL-LLLLH	Case=Dat|Gender=Fem|Number=Plur|Tense=Pres|VerbForm=Part|Voice=Mid	καομέναις	VERB
τα	τυ_φογέροντα_ς	ἤκουσα^γὰρτυ_φογέροντα_ςἄνδρα^ςἔρρεινστελέχηφέροντα^ςὥσπερβα^λα^νεύσοντας	HHLHHLLHHHLHHLLHLHLHHLLHHL	HHLLHLLHLLLHHLLHLHLHHLLHHL	Case=Acc|Gender=Masc|Number=Plur|Tense=Pres|VerbForm=Part|Voice=Act	τυφογέρω	VERB
πυ	πυ^ρὶ^	ὡςπυ^ρὶ^χρὴτὰςμυ^σα^ρὰςγυ^ναῖκα^ςἀνθρα^κεύειν	HLLHHLLHLHLHLHH	HHLHHLLHLHLHLHH	Case=Dat|Gender=Neut|Number=Sing	πῦρ	NOUN
ά	θεά_,	ἅ_ςὦθεά_μήποτ'ἐγὼπιμπρα^μένα_ςἴ^δοιμι^	HHLHHLLHHLLHLHL	HHLLHLLHHLLHLHL	Case=Voc|Gender=Fem|Number=Sing	θεά	NOUN
φα	χρυ_σολόφα_	ἐφ'οἷσπερὦχρυ_σολόφα_	LHLHHLLH	LHLHHLLL	Case=Acc|Gender=Neut|Number=Plur	χρυσολόφος	NOUN
ρι	κα^μα^τήρι^ος.	οὐδὲγόνα^τ'ἂνκόποςἕλοιμεκα^μα^τήρι^ος	HLLLHLLLHLLLHLL	HLLLLLLLHLLLH-H	Case=Gen|Gender=Fem|Number=Sing	καματήριο	NOUN
ὶ	τουτῳὶ_	ἀλλ'ἐπα^ποδυ^ώμεθ'ὦνδρεςτουτῳὶ_τῷπρά_γμα^τι^	HLLLLHLHLHLHHHLL	HLLLLHLHHHHLH-LL	Case=Dat|Gender=Masc|Number=Sing	τουτῳὶ	ADJ
πά	ἐξεπά_ρωσιν	τὰςθεοῖςἐχθρὰςγυ^ναῖκα^ςἐξεπά_ρωσινδόλῳ	HLHHHLHLHLHHHLH	HLHHHLHLHLLHLLH	Aspect=Perf|Mood=Ind|Number=Plur|Person=3|Tense=Past|VerbForm=Fin|Voice=Act	ἐξεπάρω	VERB
κἀ	κἀ_κα^νηφόρουν	κἀ_κα^νηφόρουνποτ'οὖσα^παῖςκα^λὴ'χουσ'ἰσχά^δωνὁρμα^θόν	HLHLHLHLHLHHHLHHLH	LLHLHLHLHLHH-LHHLH	Aspect=Imp|Mood=Ind|Number=Plur|Person=3|Tense=Past|VerbForm=Fin|Voice=Act	κἀκανηφόρουν	VERB
κἀ	κἀ_πι^δώσειν	κἀ_πι^δώσεινμοιδοκεῖτὸχρῆμα^μᾶλλον	HLHHHLHLHLHL	L-HHHLH-HLHH	Aspect=Perf|Tense=Past|VerbForm=Inf|Voice=Act	κἀπιδώσω	VERB
πι	κἀ_πι^δώσειν	κἀ_πι^δώσεινμοιδοκεῖτὸχρῆμα^μᾶλλον	HLHHHLHLHLHL	L-HHHLH-HLHH	Aspect=Perf|Tense=Past|VerbForm=Inf|Voice=Act	κἀπιδώσω	VERB
ρι	Λειψύ^δρι^ον	ἀλλ'ἄ^γετελευκόποδεςοἵπερἐπὶ^λειψύ^δρι^ον	HLLLHLLLHLLLHLLL	HLLLHLLLHLLLH--H	Case=Acc|Gender=Neut|Number=Sing	λειψύδριον	NOUN
κἀ	κἀ_ναπτερῶσαι	νῦνδεῖνῦνἀ^νηβῆσαιπά^λινκἀ_ναπτερῶσαι	HHHLHHHLHHHLHH	HHHLHHHLLLHLHH	Mood=Ind|Number=Sing|Person=2|Tense=Pres|VerbForm=Fin|Voice=Mid	κἀναπτερῶζω	VERB
κἀ	κἀ_ποσείσασθαι	πᾶντὸσῶμα^κἀ_ποσείσασθαιτὸγῆραςτόδε	HLHLHLHHHLHHLL	HLLLLLH-HLHLLL	Aspect=Perf|Tense=Past|VerbForm=Inf|Voice=Mid	κἀποσείω	VERB
σἂ	ἂ^ν	ὡςἂ^νὄζωμενγυ^ναικῶναὐτοδὰξὠργισμένων	HLHHHLHHHLHHHLH	HHHHHLHHHLHH-LH		ἄν	PART
να	ἵ^να^	νῦνπρὸςἔμ'ἴ^τωτι^ςἵ^να^μήποτεφά^γῃσκόροδα^	HLLLHLLLHLLLHLLL	HLLLHLLHHLLLHLLL		ἵνα	SCONJ
κἀ	Κἀ_γὼ	κἀ_γὼβούλομαιμῦθόντι^ν'ὑ_μῖνἀντι^λέξαιτῷμελα^νί^ωνι^	HHHLHHHLHHHLHHHLLLHL	LHHLHHH-HHH-HHHLLLHL	Case=Nom|Gender=Masc|Number=Sing|Person=1|PronType=Prs	ἐγώ	PRON
τι	τι^ν'	κἀ_γὼβούλομαιμῦθόντι^ν'ὑ_μῖνἀντι^λέξαιτῷμελα^νί^ωνι^	HHHLHHHLHHHLHHHLLLHL	LHHLHHH-HHH-HHHLLLHL	Case=Acc|Gender=Masc|Number=Sing	τιν	PRON
τι	ἀντι^λέξαι	κἀ_γὼβούλομαιμῦθόντι^ν'ὑ_μῖνἀντι^λέξαιτῷμελα^νί^ωνι^	HHHLHHHLHHHLHHHLLLHL	LHHLHHH-HHH-HHHLLLHL	Mood=Imp|Number=Sing|Person=2|Tense=Past|VerbForm=Fin|Voice=Mid	ἀντιλέγω	VERB
δύ	δύ^'	δεῖταιλα^βεῖνμνᾶςἢδύ^'ἢτρεῖςὡςἔσω'στὶνκἄ_χομενβαλλάντι^α^	HHLHHHLHHHLHHHLHHHLL	HHLHHHHHHHLHHLLHLLLL		δύ	NUM
κἄ	κἄ_χομεν	δεῖταιλα^βεῖνμνᾶςἢδύ^'ἢτρεῖςὡςἔσω'στὶνκἄ_χομενβαλλάντι^α^	HHLHHHLHHHLHHHLHHHLL	HHLHHHHHHHLHHLLHLLLL	Mood=Ind|Number=Plur|Person=1|Tense=Pres|VerbForm=Fin|Voice=Act	καγχἄνω	VERB
τι	Ἑστι^ᾶν	ἑστι^ᾶνδὲμέλλομενξένουςτι^νὰςκα^ρυστί^ουςἄνδραςκα^λούςτεκἀ_γα^θούς	HLHLHLHLHLHLHLHHHLHLHLH	H-HLHLHLHLLL-LHLLLHLLLH	Case=Acc|Gender=Fem|Number=Sing	Ἑστιᾶ	NOUN
κἀ	κἀ_γα^θούς.	ἑστι^ᾶνδὲμέλλομενξένουςτι^νὰςκα^ρυστί^ουςἄνδραςκα^λούςτεκἀ_γα^θούς	HLHLHLHLHLHLHLHHHLHLHLH	H-HLHLHLHLLL-LHLLLHLLLH	Case=Acc|Gender=Masc|Number=Plur	κἀγαθός	ADJ
χὶ	οὐχὶ^	καὶμηδὲνοὕτωςεὖσεσημάνθαιτὸμὴοὐχὶ^τοὺςῥύ^πουςἀ^νασπά^σαι	HHLHHHLHHHLHLHLHLHLH	HHLHHHLHHHLHHLHLHL-LH	Polarity=Neg	οὐχί	ADV
σἀ	ἀ^νασπά^σαι,	καὶμηδὲνοὕτωςεὖσεσημάνθαιτὸμὴοὐχὶ^τοὺςῥύ^πουςἀ^νασπά^σαι	HHLHHHLHHHLHLHLHLHLH	HHLHHHLHHHLHHLHLHL-LH	Tense=Past|VerbForm=Inf|Voice=Act	ἀνασπάω	VERB
πά	ἀ^νασπά^σαι,	καὶμηδὲνοὕτωςεὖσεσημάνθαιτὸμὴοὐχὶ^τοὺςῥύ^πουςἀ^νασπά^σαι	HHLHHHLHHHLHLHLHLHLH	HHLHHHLHHHLHHLHLHL-LH	Tense=Past|VerbForm=Inf|Voice=Act	ἀνασπάω	VERB
τἂ	ἂ^ν	χἄττ'ἂ^νἔνδονᾖφορεῖν	HLHLHLH	HHHLHLH		ἄν	PART
πυ	πυ_ρί^δι^α^	ἔστι^πα^ρ'ἐμοῦλα^βεῖνπυ_ρί^δι^α^λεπτὰ^μέν	HLLLHLHHLLLHLL	HLLLHLHLLLLHLH	Case=Nom|Gender=Neut|Number=Plur	πυρίδιον	NOUN
νι	χοίνι^κος	ὁδ'ἄρτοςἀ^πὸχοίνι^κοςἰ^δεῖνμά^λα^νεα_νί^ας	LHLLLHLLLHLLLHLH	LHLLLH-LLHLHLHLH	Case=Gen|Gender=Fem|Number=Sing	χοῖνιξ	NOUN
λα	μά^λα^	ὁδ'ἄρτοςἀ^πὸχοίνι^κοςἰ^δεῖνμά^λα^νεα_νί^ας	LHLLLHLLLHLLLHLH	LHLLLH-LLHLHLHLH		μάλα	ADV
μα	Μα_νῆς	καὶκωρύ^κουςὡςλήψεταιπυ_ρούςὁμα_νῆςδ'οὑμὸςαὐτοῖςἐμβα^λεῖ	HHLHHHLHHHLHHHLHHHLH	HHLHHHLHHHLLHHLHHHLH	Case=Gen|Gender=Fem|Number=Sing	Μανῆ	NOUN
χύ	αἰσχύ^νην	ἡμῖνδ'ἂ^ναἰσχύ^νηνφέροι	HHLHLHLH	HHLHHHLH	Case=Acc|Gender=Fem|Number=Sing	αἰσχύνη	NOUN
δύ	βρα^δύ_νειν	ὥστ'εἰκὸςἡμᾶςμὴβρα^δύ_νεινἔστ'ἐπα^να^μενούσας	HHLHHHLHHHLLLLHH	HHLHHHLLHHLLLLH-	Tense=Pres|VerbForm=Inf|Voice=Act	βραδύνω	VERB
κι	σκι^ᾶς	ἀλλ'εἶα^δεῦρ'ἐπὶσκι^ᾶςἐλθοῦσα^πρὸςτὸτειχί^ον	HHLHLHLHHHLHLHLL	HHLHLL-HHHLHLHLH	Case=Gen|Gender=Fem|Number=Sing	σκιά	NOUN
δυ	βρά^δυ_ν'·	καὶμὴβρά^δυ_ν'ὡςτήνδεκαὶδὴτὴνστρα^τηγὸνἡμῶν	HHLHHHLHHHLHLHH	HHLLHHLHHHLHLHH		βράδυν'·	ADV
ρἄ	ἄ_κουσαι	χαὖταιγὰ^ρἄ_κουσαιπά^λαιτὸσχῆμα^τοῦτ'ἔχουσιν	HHLHHHLHHHLHLHH	HHLLHHLHHHLHLHL	Aspect=Perf|Tense=Past|VerbForm=Inf|Voice=Act	ἄκουω	VERB
δί	Δί^α,	οἰμώζωνἄ^ρα^νὴδί^ασποδήσεις	HHHLLHLHLHH	HHHLLHHHLHH		ζεύς	ADV
τἀ	τἀ_πὶ^	οὐγὰρτἀ_πὶ^χα^ριξένηςτά^δ'ἐστίν	HHHLLHLHLHH	HLLLLHLHLHL		ἐπί	ADV
θα	δημοκρα^τούμεθα_.	ἔστι^δί^καιονεἰδημοκρα^τούμεθα_	HLLHLHHLLHLH	HLLHLHH-LHLL	Mood=Ind|Number=Plur|Person=1|Tense=Pres|VerbForm=Fin|Voice=Pass	δημοκρατέω	VERB
ἱ	ἱ_κετεύω,	εἰρημέν'ἐστίνσὺ^δέμοιφίλτα^τονὢἱ_κετεύω	HHLHHLLHHLLHLHH	HHLHLLLHHLLHHLHH	Mood=Ind|Number=Sing|Person=1|Tense=Pres|VerbForm=Fin|Voice=Act	ἱκετεύω	VERB
τι	τι^νάσσων	πολύ^καρπονμὲντι^νάσσων	LLHHHLHH	LLLHH--H	Case=Nom|Gender=Masc|Number=Sing|Tense=Pres|VerbForm=Part|Voice=Act	τινάσσω	VERB
κἀ	κἀ_πισκώπτων	κἀ_πισκώπτων	HHHH	L-HH	Case=Nom|Gender=Masc|Number=Sing|Tense=Pres|VerbForm=Part|Voice=Act	κἀπισκώπτω	VERB
σἀ	ἀ_ρεῖς	ἀλλ'ἔμβα_χὤπωςἀ_ρεῖς	HHHHHHH	HHHHHLH	Mood=Ind|Number=Sing|Person=2|Tense=Pres|VerbForm=Fin|Voice=Act	ἀρεῖς	VERB
ρυ	Θωρυ^κί^ων	κἂνθωρυ^κί^ωνμὴβούληται	HHLLHHHHH	HHHLHHHHH	Case=Gen|Degree=Pos|Gender=Masc|Number=Plur	Θωρυκίς	ADJ
νι	ταινι^οῦσθαι.	παίσαντα^καὶσκώψαντα^νι_κήσαντα^ταινι^οῦσθαι	HHLHHHLHHHLHLHH	HLLHHHLHHLLH-HH	Tense=Pres|VerbForm=Inf|Voice=Pass	ταινιόω	VERB
κἀ	κἀ_π'	κἀ_π'εὐτελείᾳτόδετὸσανδα^λίσκον	HHLHHLLLHLHH	LHLHHLLLHLLH		κἀπ	ADV
μυ	μεμυ^ήμεθ'	ὅσοιμεμυ^ήμεθ'εὐσεβῆτεδι^ήγομεν	LHLLHLHLHLLHLH	LHLHHLHLHL-HLH	Mood=Ind|Number=Plur|Person=1|Tense=Pres|VerbForm=Fin|Voice=Mid	μεμυήμεθ	VERB
δι	δι^ήγομεν	ὅσοιμεμυ^ήμεθ'εὐσεβῆτεδι^ήγομεν	LHLLHLHLHLLHLH	LHLHHLHLHL-HLH	Aspect=Imp|Mood=Ind|Number=Plur|Person=1|Tense=Past|VerbForm=Fin|Voice=Act	διήγω	VERB
ρι	περι^πεπλευκότος,	ταῦτα^μὲνπρὸςἀνδρόςἐστι^νοῦνἔχοντοςκαὶφρέναςκαὶπολλὰ^περι^πεπλευκότος	HLHLHLHLHLHHHLHHHLLLLHLH	HLHLHLHLHLHHHLLHHLL--HLH	Aspect=Perf|Case=Gen|Gender=Masc|Number=Sing|Tense=Past|VerbForm=Part|Voice=Act	περιπεπλευκότος	VERB
ρα	Θηρα_μένους.	δεξι^οῦπρὸςἀνδρόςἐστι^καὶφύ^σειθηρα_μένους	HLHLHLHLHLHHHLH	HLHLHLHLHLHHLLH	Case=Acc|Gender=Masc|Number=Plur|Tense=Pres|VerbForm=Part|Voice=Mid	Θηραμένους	VERB
μι	Μι^λησί^οις	οὐγὰ^ρἂνγέλοιονἦνεἰξανθί^αςμὲνδοῦλοςὢνἐνστρώμα^σινμι^λησί^οις	HLHLHLHHHLHHHLHHHLHLHLH	HLLLHLHHHLHHHLHHHLL-HLH	Case=Dat|Degree=Pos|Gender=Masc|Number=Plur	Μιλήσιος	ADJ
νἁ	ἁ^μί^δ',	ἀ^να^τετραμμένοςκυ^νῶνὀρχηστρί^δ'εἶτ'ᾔτησενἁ^μί^δ'ἐγὼδὲπρὸςτοῦτονβλέπων	LLLHLHLHHHLHHHLLLLHLHHHLH	LL-HLHLHHHLHHHLHLLH-HHHLH		ἁμίδ	ADV
πσι	τέρψι^ν	μοῦσα^χορῶνἱ^ερῶνἐπί^βηθι^καὶἔλθ'ἐπὶ^τέρψι^νἀ^οιδᾶςἐμᾶς	HLLHLLHLLHLLHLLHLLHHLH	HLLHLLHLLHLHHLLH-LHHLH	Case=Acc|Gender=Fem|Number=Sing	τέρψις	NOUN
α	Θρῃκί^α_	θρῃκί^α_χελι_δὼν	HLHLHH	HLLLHH	Case=Nom|Gender=Neut|Number=Plur	Θρῃκίον	NOUN
νι	ἀ^ηδόνι^ον	ἐπὶ^βάρβα^ρονἑζομένηπέτα^λοντρύζειδ'ἐπί^κλαυτονἀ^ηδόνι^οννόμονὡςἀ^πολεῖταικἂ_νἴ^σαιγένωνται	LLHLLHLLHLLHHHLLHLLHLLHLLHLLHHHLHLHH	LLLLLHLLHLLHHHL-HLLHL-HLLHLLHHHLHLHH	Case=Acc|Gender=Masc|Number=Sing	ἀηδόνιον	NOUN
δι	ἐνδι^α^τρίψει·	χρόνονἐνδι^α^τρίψειἰ^δὼνδὲτά^δ'οὐκεἰρηνι^κὸςἔσθ'ἵ^να^μήποτεκἀ_ποδυ^θῇμεθύ^ωνἄ^νευξύ^λουβα^δίζων	LLHLLHLLHLLHHHLLHLLHLLHLLHLLHLHLHLHH	LLH--LHLHLLHHHLLHLHHLLLLLHLLHLHLHLHH	Mood=Ind|Number=Sing|Person=3|Tense=Fut|VerbForm=Fin|Voice=Act	ἐνδιατρίψει·	VERB
να	ἵ^να^	χρόνονἐνδι^α^τρίψειἰ^δὼνδὲτά^δ'οὐκεἰρηνι^κὸςἔσθ'ἵ^να^μήποτεκἀ_ποδυ^θῇμεθύ^ωνἄ^νευξύ^λουβα^δίζων	LLHLLHLLHLLHHHLLHLLHLLHLLHLLHLHLHLHH	LLH--LHLHLLHHHLLHLHHLLLLLHLLHLHLHLHH		ἵνα	SCONJ
κἀ	κἀ_ποδυ^θῇ	χρόνονἐνδι^α^τρίψειἰ^δὼνδὲτά^δ'οὐκεἰρηνι^κὸςἔσθ'ἵ^να^μήποτεκἀ_ποδυ^θῇμεθύ^ωνἄ^νευξύ^λουβα^δίζων	LLHLLHLLHLLHHHLLHLLHLLHLLHLLHLHLHLHH	LLH--LHLHLLHHHLLHLHHLLLLLHLLHLHLHLHH	Aspect=Perf|Mood=Ind|Number=Sing|Person=3|Tense=Past|VerbForm=Fin|Voice=Pass	κἀποδυθῇ	VERB
κἂ	ἂ^ν	ἡνί^κ'ἂ^νὀξύ^λα^λόνπερἴ^δῃθήγοντοςὀδόντα^	HLLHLLHLLHHHLLHL	HLHHLLHLLHHHLLHL		ἄν	PART
νι	πα^ραξόνι^α	σκινδα^λά^μωντεπα^ραξόνι^ασμι_λευμα^τοεργοῦ	HLLHLLHLLHHHLLHH	HLLHLLHL-L-HLLHH	Case=Acc|Degree=Pos|Gender=Neut|Number=Plur	παραξόνιος	ADJ
μι	σμι_λευμα^τοεργοῦ	σκινδα^λά^μωντεπα^ραξόνι^ασμι_λευμα^τοεργοῦ	HLLHLLHLLHHHLLHH	HLLHLLHL-L-HLLHH	Case=Gen|Gender=Masc|Number=Sing	σμιλευματοεργοῦ	ADJ
βά	ἱπποβά_μονα^.	ῥήμα^θ'ἱπποβά_μονα^	HLHLHLL	HHHLLLL	Case=Acc|Gender=Masc|Number=Sing	ἱπποβάμων	ADJ
φι	λοφι^ᾶς	φρίξαςδ'αὐτοκόμουλοφι^ᾶςλα^σι^αύχενα^χαίταν	HHHLLHLLHLLHLLHH	LHHLLHL-HL-HLLHH	Case=Gen|Gender=Fem|Number=Sing	λοφιᾶ	ADJ
σι	λα^σι^αύχενα^	φρίξαςδ'αὐτοκόμουλοφι^ᾶςλα^σι^αύχενα^χαίταν	HHHLLHLLHLLHLLHH	LHHLLHL-HL-HLLHH	Case=Acc|Degree=Pos|Gender=Neut|Number=Plur	λασιαύχενα	ADJ
νι	ἐπισκύ^νι^ον	δεινὸνἐπισκύ^νι^ονξυ^νά^γωνβρυ_χώμενοςἥσει	HLLHLLHLLHHHLLHH	HLLLL-HLLHHHLLHH	Case=Acc|Gender=Neut|Number=Sing	ἐπισκύνιον	NOUN
φυ	φυ^σήμα^τι^.	γηγενεῖφυ^σήμα^τι^	HLHLHLL	HLHHHLL	Case=Dat|Gender=Neut|Number=Sing	φυσήμα	NOUN
δα	γεννά^δα_,	ἀλλ'ὅπωςὦγεννά^δα_	HLHHHLH	HLHHHLL	Case=Voc|Gender=Fem|Number=Sing	γεννάδας	NOUN
δύ	ἐπα^ναστρέφειν	ὁδ'ἐπα^ναστρέφεινδύ^νηταικἀ_περείδεσθαιτορῶς	LLLHLHLHHHLHHHLH	LLL-LHHHHLLHHHLH	Tense=Pres|VerbForm=Inf|Voice=Act	ἐπαναστρέφω	VERB
κἀ	δύ^νηται	ὁδ'ἐπα^ναστρέφεινδύ^νηταικἀ_περείδεσθαιτορῶς	LLLHLHLHHHLHHHLH	LLL-LHHHHLLHHHLH	Mood=Sub|Number=Sing|Person=3|Tense=Pres|VerbForm=Fin|Voice=Mid	δύναμαι	VERB
χἄ	χἄ_τεραι	εἰσβολαὶγά^ρεἰσι^πολλαὶχἄ_τεραισοφισμά^των	HLHLHLHHHLHLHLH	HLHLHLHHLLHLLLH	Case=Nom|Gender=Fem|Number=Plur	χἄτερος	ADJ
κἀ	κἀ_ποκινδυ^νεύετον	τά^τεπα^λαιὰ^καὶτὰ^καινά^κἀ_ποκινδυ^νεύετονλεπτόντι^καὶσοφὸνλέγειν	LLLHLHLHLHLHLHLHHHLHLHLH	LLLHLHLHLLLHHHLHHHLHLHLH	Case=Acc|Gender=Neut|Number=Sing|Tense=Pres|VerbForm=Part|Voice=Mid	κἀποκινδυνεύω	VERB
δυ	κἀ_ποκινδυ^νεύετον	τά^τεπα^λαιὰ^καὶτὰ^καινά^κἀ_ποκινδυ^νεύετονλεπτόντι^καὶσοφὸνλέγειν	LLLHLHLHLHLHLHLHHHLHLHLH	LLLHLHLHLLLHHHLHHHLHLHLH	Case=Acc|Gender=Neut|Number=Sing|Tense=Pres|VerbForm=Part|Voice=Mid	κἀποκινδυνεύω	VERB
σι	δεξι^ά_·	βιβλί^οντ'ἔχωνἕκαστοςμανθά^νειτὰ^δεξι^ά_	HLHLHLHHHLHLHLH	-LHLHL-HLLHLH-L		δεξιά·	PUNCT
ά	δεξι^ά_·	βιβλί^οντ'ἔχωνἕκαστοςμανθά^νειτὰ^δεξι^ά_	HLHLHLHHHLHLHLH	-LHLHL-HLLHLH-L		δεξιά·	PUNCT
ρα	Πά^ρα^	πά^ρα^δὲπολλοῖσινμα^θεῖν	LLLHHHLH	LHLHHLLH		παρά	ADP
λι	πα^ρα^λι^πόντα^	τά^τεμέγιστα^πα^ρα^λι^πόντα^	LLLHLLLLHL	LLLLLLL-HL	Aspect=Perf|Case=Acc|Gender=Masc|Number=Sing|Tense=Past|VerbForm=Part|Voice=Act	παραλείπω	VERB
τι	στι^βά^δα^ς	πράγμα^τά^τεκαὶστι^βά^δα^ςἃ_ςἔλα^χεφορμί^ων	HLLLHLLLHLLLHLH	HLLLH-LHHLLLHLH	Case=Acc|Gender=Fem|Number=Plur	στιβάς	NOUN
δα	στι^βά^δα^ς	πράγμα^τά^τεκαὶστι^βά^δα^ςἃ_ςἔλα^χεφορμί^ων	HLLLHLLLHLLLHLH	HLLLH-LHHLLLHLH	Case=Acc|Gender=Fem|Number=Plur	στιβάς	NOUN
πα	παλίγκοτος	μὴγένῃπαλίγκοτοςἀντιβολοῦσινἡμῖνὥστετήνδεμὴλα^βεῖν	HLHHLHLHLH	HLHLHLLHLLHLHHHLHLHLH	Case=Nom|Gender=Masc|Number=Sing	παλίγκοτος	NOUN
πύ	ἀ^νερπύ^σαι.	δαιμόνι^α^βουλόμενοςεἰςἀ^γρὸνἀ^νερπύ^σαι	HLLLHLLLHLLLHLH	HLLLHLLLH-LLHHH	Mood=Ind|Number=Sing|Person=2|Tense=Pres|VerbForm=Fin|Voice=Mid	ἀνερπύμαι	VERB
γι	γεωργικὸν	πᾶσι^νὁπόσοιγεωργικὸνβίονἐτρίβομενμόνηγὰ^ρἡμᾶςὠφέλεις	HLLLHLHHLHHHLH	HLLLHLHLHLL-HLHLHLHHHLH	Case=Acc|Gender=Masc|Number=Sing	γεωργικὸς	ADJ
ρί	ἐτρίβομεν·	πᾶσι^νὁπόσοιγεωργικὸνβίονἐτρίβομενμόνηγὰ^ρἡμᾶςὠφέλεις	HLLLHLHHLHHHLH	HLLLHLHLHLL-HLHLHLHHHLH	Aspect=Imp|Mood=Ind|Number=Plur|Person=1|Tense=Past|VerbForm=Fin|Voice=Act	ἐτρίβομεν·	VERB
κἀ	κἀ_δά^πα^να^	πολλὰ^γὰ^ρἐπάσχομενπρίνποτ'ἐπὶ^σοῦγλυ^κέα^κἀ_δά^πα^να^καὶφί^λα_	HLLLHLHHLLLHLLLHLLLHLH	HLLL-LHLLLLHLLLLLLLHLH		κἀδάπανα	PROPN
λι	ἀμπέλι^α^	ὥστεσὲτά^τ'ἀμπέλι^α^καὶτὰ^νέα^συ_κί^δι^α^τἄλλα^θ'ὁπόσ'ἐστὶ^φυ^τὰ^προσγελά^σεταιλα^βόντ'ἄσμενα^	HLLLHLLLHLLLHLLLHLLLHLLLHLLLHLHHLL	HLLLHL-LHLLHHL-LHLLLHLLLHLLLHLH-LL	Case=Nom|Gender=Neut|Number=Plur	ἀμπέλιον	NOUN
α	νέα^	ὥστεσὲτά^τ'ἀμπέλι^α^καὶτὰ^νέα^συ_κί^δι^α^τἄλλα^θ'ὁπόσ'ἐστὶ^φυ^τὰ^προσγελά^σεταιλα^βόντ'ἄσμενα^	HLLLHLLLHLLLHLLLHLLLHLLLHLLLHLHHLL	HLLLHL-LHLLHHL-LHLLLHLLLHLLLHLH-LL	Case=Nom|Degree=Pos|Gender=Neut|Number=Plur	ναῦς	ADJ
δι	συ_κί^δι^α^	ὥστεσὲτά^τ'ἀμπέλι^α^καὶτὰ^νέα^συ_κί^δι^α^τἄλλα^θ'ὁπόσ'ἐστὶ^φυ^τὰ^προσγελά^σεταιλα^βόντ'ἄσμενα^	HLLLHLLLHLLLHLLLHLLLHLLLHLLLHLHHLL	HLLLHL-LHLLHHL-LHLLLHLLLHLLLHLH-LL	Case=Nom|Gender=Neut|Number=Plur	συκίδιον	NOUN
κἀ	κἀ_πεμπίπτω	κἀ_πεμπίπτωκαὶσπουδάζω	HHHHHHHH	LHHHHHHH	Mood=Ind|Number=Sing|Person=1|Tense=Pres|VerbForm=Fin|Voice=Act	κἀπεμπίπτω	VERB
τι	ἀντι^βολῇ	ἀντι^βολῇμετὰ^τῶνπαίδωνχορεῦσαιμήθ'ὑ^πά^κουεμήτ'ἔλθῃςσυ^νέρι_θοςαὐτοῖςἀλλὰ^νόμιζεπάντας	HLLHLLHHHLHHHLLHLHHHLLHLHHHLLHLHL	H-LHLLHHHLHHHLLHLHHHLLHLHHHLLHLLL	Case=Nom|Gender=Fem|Number=Sing	ἀντιβολή	NOUN
να	να_νοφυ^εῖς,	να_νοφυ^εῖςσφυ^ρά^δωνἀ^ποκνήσμα^τα^μηχα^νοδί_φας	HLLHLLHLLHLLHLLHH	LLLHHLHL-HLLHLLLH	Mood=Ind|Number=Sing|Person=2|Tense=Pres|VerbForm=Fin|Voice=Act	νανοφυεῖς	VERB
σφυ	σφυ^ρά^δων	να_νοφυ^εῖςσφυ^ρά^δωνἀ^ποκνήσμα^τα^μηχα^νοδί_φας	HLLHLLHLLHLLHLLHH	LLLHHLHL-HLLHLLLH	Case=Gen|Gender=Fem|Number=Plur	σφυράς	NOUN
δί	μηχα^νοδί_φας.	να_νοφυ^εῖςσφυ^ρά^δωνἀ^ποκνήσμα^τα^μηχα^νοδί_φας	HLLHLLHLLHLLHLLHH	LLLHHLHL-HLLHLLLH	Case=Acc|Gender=Fem|Number=Plur	μηχανοδίφος	NOUN
δα	δα_μώμα^τα^	τοιά^δεχρὴχα^ρί^τωνδα_μώμα^τα^καλλι^κόμων	HLLHLLHHHLLHLLH	HH-HLLHLHLLH-LH	Case=Nom|Gender=Neut|Number=Plur	δαμώματον	NOUN
λι	καλλι^κόμων	τοιά^δεχρὴχα^ρί^τωνδα_μώμα^τα^καλλι^κόμων	HLLHLLHHHLLHLLH	HH-HLLHLHLLH-LH	Case=Gen|Gender=Fem|Number=Plur	καλλικόμες	NOUN
ρύ	γηρύ_σαντος	πικροτά^τηνὄπα^γηρύ_σαντοςἤκουσ'ἡνί^κα^τῶντρα^γῳδῶντὸνχορὸνεἶχονἁ_δελφόςτεκαὶαὐτόςἄμφω	HLLHLLHHHLHHHLLHLHHHLLHLHHHLLHLHH	-LLHLLHLHLHHHLLHLHHHLLHLHHHLHHLHH	Aspect=Perf|Case=Gen|Gender=Masc|Number=Sing|Tense=Past|VerbForm=Part|Voice=Act	γηρύσαν	VERB
τι	βα^τι^δοσκόποι	γοργόνεςὀψοφά^γοιβα^τι^δοσκόποιἅρπυιαι	HLLHLLHLLHLLHHH	HLLHLLHL-HLHHHH	Case=Nom|Gender=Masc|Number=Plur	βατιδοσκόπος	NOUN
γρα	γρα_οσόβαι	γρα_οσόβαιμι^α^ροίτρα^γομάσχα^λοιἰχθυ^ολῦμαι	HLLHLLHLLHLLHLLHH	LLLHLLHLL-LHHLLHH	Case=Nom|Gender=Masc|Number=Sing	γραοσόβαι	NOUN
ὰ	θεὰ_	μοῦσα^θεὰ_μετ'ἐμοῦξύμπαιζετὴνἑορτήν	HLLHLLHHHLHLHH	HLLLLLHHHLHLHH	Case=Voc|Gender=Fem|Number=Sing	θεά	NOUN
νι	Εὐδαιμονι^κῶς	εὐδαιμονι^κῶςγ'ὁπρεσβύ_τηςὅσα^γ'ὧδ'ἰ^δεῖντὰ^νῦντά^δεπράττει	HHLLHLHHHLLHLHLHLLHH	HHL-H-HLHLLHLHLHL-HH	Degree=Pos	Εὐδαιμονικῶς	ADV
βύ	πρεσβύ_της,	εὐδαιμονι^κῶςγ'ὁπρεσβύ_τηςὅσα^γ'ὧδ'ἰ^δεῖντὰ^νῦντά^δεπράττει	HHLLHLHHHLLHLHLHLLHH	HHL-H-HLHLLHLHLHL-HH	Case=Nom|Gender=Masc|Number=Sing	πρεσβύτης	NOUN
τα	ὄντα_;	τί^δῆτ'ἐπειδὰννυμφί^ονμ'ὁρᾶτελαμπρὸνὄντα_	LHLHHHLHLHLHLHH	LHLHLHLHLHLHLHL		ὄντα;	PUNCT
κι	κι^νεῖν	ἅ^παντα^ςὄντα^ςἀσφα^λῶςκι^νεῖντεκαὶκα^θεύδειν	LHLHLHLHLHLHLHH	LLLHLLLHHHLHLHH	Tense=Pres|VerbForm=Inf|Voice=Act	κινέω	VERB
μι	εἰμι_.	ὅταντρυ^γᾶτ'εἴσεσθεπολλῷμᾶλλονοἷόςεἰμι_	LHLHHHLHHHLHLHH	LLLHHHLHHHLHLHL	Mood=Ind|Number=Sing|Person=1|Tense=Pres|VerbForm=Fin|Voice=Act	εἰμί	AUX
τρυ	Τρυ^γαῖος	πολλῶνγὰ^ρὑ_μῖνἄ_ξι^οςτρυ^γαῖοςἁθμονεὺςἐγώ	HHLHHHLHLHLHLHLH	HHLHHLLHHHL-LHLH	Case=Nom|Degree=Pos|Gender=Masc|Number=Sing	Τρυγαῖος	ADJ
νυ	νυ_ν	ἄγ'ἐπείγετένυ_νἐνὅσῳσοβα^ρὰ_	LLHLLHLLHLLH	LLHLLLLLHLLL		νυν	ADV
ρὰ	σοβα^ρὰ_	ἄγ'ἐπείγετένυ_νἐνὅσῳσοβα^ρὰ_	LLHLLHLLHLLH	LLHLLLLLHLLL	Case=Nom|Gender=Fem|Number=Dual	σοβαρὰ	ADJ
βι	μετα^βι^βάζει.	εἰςἀ^γα^θὰ^μετα^βι^βάζει	HLLLLLLHH	HLLLLL-LH	Mood=Ind|Number=Sing|Person=3|Tense=Pres|VerbForm=Fin|Voice=Act	μεταβιβάζω	VERB
ρὶ	δευρὶ_	σχίζαςδευρὶ_τι^θέναιτα^χέως	HHHHLLHLLH	LHHLLLHLLH		δευρὶ	INTJ
σα	σχίζα^	ἡσχίζα^γοῦνἐνημμένητὸνστιλβί^δηνπι^έζει	HHLHLHLHHHLHLHH	HLHHLHLHHHLHLHH	Case=Nom|Gender=Fem|Number=Sing	σχίζα	NOUN
φι	φι^ληδῶ	οὐγὰρφι^ληδῶμά^χαις	HHLHHLH	HL-HHLH	Mood=Ind|Number=Sing|Person=1|Tense=Pres|VerbForm=Fin|Voice=Act	φιληδῶ	VERB
τἂ	ἂ^ν	ἐκκέαςτῶνξύ^λωνἅττ'ἂ^νᾖδα_νότα^τα^τοῦθέρους	HLHHLHHLHHLLLHLH	HL-HLHHHHLLLLHLH		ἄν	PART
δα	δα_νότα^τα^	ἐκκέαςτῶνξύ^λωνἅττ'ἂ^νᾖδα_νότα^τα^τοῦθέρους	HLHHLHHLHHLLLHLH	HL-HLHHHHLLLLHLH	Case=Acc|Gender=Neut|Number=Plur	δανότα	NOUN
να	ἐκπεπρεμνισμένα_	ἐκπεπρεμνισμένα_	HLHHLH	H-H-LL	Aspect=Perf|Case=Acc|Gender=Neut|Number=Plur|Tense=Past|VerbForm=Part|Voice=Pass	ἐκπεπρεμνισμένα	VERB
χἄ	χἄ_μα^	χἄ_μα^τὴνθρᾷττανκυ^νῶν	HLHHHLH	LHHHHLH		χἄμα	ADV
μα	χἄ_μα^	χἄ_μα^τὴνθρᾷττανκυ^νῶν	HLHHHLH	LHHHHLH		χἄμα	ADV
κἀ	κἀ_πέχω	ἐσθί^ωκἀ_πέχω	HLHHLH	HLHLLH	Mood=Ind|Number=Sing|Person=1|Tense=Pres|VerbForm=Fin|Voice=Act	κἀπέχω	VERB
χἄ	χἄ_μα^	χἄ_μα^φήμ'ὧραιφί^λαικαὶτοῦθύ^μουτρί^βωνκυ^κῶμαι	HLHHHLHHHLHLHLHH	LHHHHLHHHLHHHLHH		χἄμα	ADV
μα	χἄ_μα^	χἄ_μα^φήμ'ὧραιφί^λαικαὶτοῦθύ^μουτρί^βωνκυ^κῶμαι	HLHHHLHHHLHLHLHH	LHHHHLHHHLHHHLHH		χἄμα	ADV
ρί	τρί^βων	χἄ_μα^φήμ'ὧραιφί^λαικαὶτοῦθύ^μουτρί^βωνκυ^κῶμαι	HLHHHLHHHLHLHLHH	LHHHHLHHHLHHHLHH	Case=Nom|Gender=Masc|Number=Sing|Tense=Pres|VerbForm=Part|Voice=Act	τρίβων	VERB
ρι	δι^καστήρι^',	καὶτέληκαὶγρα^φαὶκαὶδι^καστήρι^'ὦβορβοροτά^ραξι^καὶτὴνπόλι^νἅ^πα_σα^νἡμῶνἀ^να^τετυρβα^κώς	HLHHLHHLHHLHHLLLHLHHLLLHLHHLLLHLH	HLHHLHHL-HHHHLLLHLHHLLLHLHHLLLHLH	Case=Dat|Gender=Neut|Number=Sing	δικαστήρις	NOUN
κἀ	κἀ_πὸ	κἀ_πὸτῶνπετρῶνἄ^νωθεντοὺςφόρουςθυννοσκοπῶν	HLHLHLHHHLHHHLH	LLH-HLHHHLHHHLH	Aspect=Perf|Mood=Ind|Number=Sing|Person=3|Tense=Past|VerbForm=Fin|Voice=Act	κἀπὸ	VERB
πι	ἔπι^θι^	καὶτὸπρᾶγμ'ἦνἄ^ρ'οὐφαῦλονὧδ'uἄλλ'ἔπι^θι^καὶστρόβειμηδὲνὀλί^γονπόεινῦνγὰ^ρἔχεταιμέσος	HLHHLHHLHHLHHLLLHLHHLLLHLHHLLLHLH	H-HHLHHLHHLLLHLHHLLLHLHHLLLHLH	Aspect=Perf|Mood=Imp|Number=Sing|Person=2|Tense=Past|VerbForm=Fin|Voice=Act	ἔπιθι	VERB
θι	ἔπι^θι^	καὶτὸπρᾶγμ'ἦνἄ^ρ'οὐφαῦλονὧδ'uἄλλ'ἔπι^θι^καὶστρόβειμηδὲνὀλί^γονπόεινῦνγὰ^ρἔχεταιμέσος	HLHHLHHLHHLHHLLLHLHHLLLHLHHLLLHLH	H-HHLHHLHHLLLHLHHLLLHLHHLLLHLH	Aspect=Perf|Mood=Imp|Number=Sing|Person=2|Tense=Past|VerbForm=Fin|Voice=Act	ἔπιθι	VERB
τί	Κρα^τί_νου	εἴσεμὴμι_σῶγενοίμηνἐνκρα^τί_νουκῴδι^ον	HLHHHLHHHLHHHLH	HLHHHLHHHLLHH-H	Case=Gen|Gender=Masc|Number=Sing	Κρατίνου	ADJ
δι	κῴδι^ον	εἴσεμὴμι_σῶγενοίμηνἐνκρα^τί_νουκῴδι^ον	HLHHHLHHHLHHHLH	HLHHHLHHHLLHH-H	Case=Nom|Gender=Neut|Number=Sing	κῴδιον	NOUN
δί	τρα^γῳδί^ᾳ.	καὶδι^δασκοίμηνπροσᾴδεινμορσί^μουτρα^γῳδί^ᾳ	HLHHHLHHHLHLHLH	HLLHHLHHHLHLHHH	Case=Nom|Gender=Fem|Number=Sing	τραγῳδίᾳ	NOUN
πί	πυ_ροπί_πην,	τὸνοὐλί^ουτ'ἂ^νοἴομαιγέροντα^πυ_ροπί_πην	LHLHLHLHLHLHLHH	LHLHLHLHLHLLLLH	Case=Acc|Gender=Fem|Number=Sing	πυροπίπης	NOUN
πρυ	λαμπρυ_νομένων	μειρα^κί^ωνθ'ἅ^μιλλα^λαμπρυ_νομένωνἐνἅρμα^σιν	HLLHLHLHHLLHLHLH	HLLHLHLHLLLHLLLL	Case=Gen|Gender=Masc|Number=Plur|Tense=Pres|VerbForm=Part|Voice=Pass	λαμπρυνομένων	VERB
νι	Σουνι^ά^ρα_τε,	δεῦρ'ἔλθ'εἰςχορόνὦχρυ_σοτρί^αιν'ὦδελφί_νωνμεδέωνσουνι^ά^ρα_τε	HHHLLHHLLHHHHHLLHHLLHL	HHHLLHH-LHHHHHLLHH-HLL	Case=Voc|Degree=Sup|Gender=Masc|Number=Sing	Σουνιάρατος	ADJ
ά	Σουνι^ά^ρα_τε,	δεῦρ'ἔλθ'εἰςχορόνὦχρυ_σοτρί^αιν'ὦδελφί_νωνμεδέωνσουνι^ά^ρα_τε	HHHLLHHLLHHHHHLLHHLLHL	HHHLLHH-LHHHHHLLHH-HLL	Case=Voc|Degree=Sup|Gender=Masc|Number=Sing	Σουνιάρατος	ADJ
ρα	Σουνι^ά^ρα_τε,	δεῦρ'ἔλθ'εἰςχορόνὦχρυ_σοτρί^αιν'ὦδελφί_νωνμεδέωνσουνι^ά^ρα_τε	HHHLLHHLLHHHHHLLHHLLHL	HHHLLHH-LHHHHHLLHH-HLL	Case=Voc|Degree=Sup|Gender=Masc|Number=Sing	Σουνιάρατος	ADJ
λι	πολι^οῦχε	ὦπολι^οῦχεπαλλά^ςὦτῆςἱ^ερωτά^τηςἁ^πα_σῶνπολέμῳτεκαὶποηταῖςδυ^νά^μειθ'ὑ^περφερούσηςμεδέουσα^χώρας	HLLHLHLHHLLHLHLHHLLHLHLHHLLHLHLHHLLHLHH	HL-HLHHHHLLHLHLHHLLHLHLHHLLHLHLHHLLHLHH	Aspect=Imp|Mood=Ind|Number=Sing|Person=3|Tense=Past|VerbForm=Fin|Voice=Act	ἐπολιοῦχε	VERB
λά	Παλλά^ς,	ὦπολι^οῦχεπαλλά^ςὦτῆςἱ^ερωτά^τηςἁ^πα_σῶνπολέμῳτεκαὶποηταῖςδυ^νά^μειθ'ὑ^περφερούσηςμεδέουσα^χώρας	HLLHLHLHHLLHLHLHHLLHLHLHHLLHLHLHHLLHLHH	HL-HLHHHHLLHLHLHHLLHLHLHHLLHLHLHHLLHLHH	Case=Nom|Gender=Fem|Number=Sing	παλλάς	NOUN
πά	πά_σῃ	νῦνοὖνδεῦροφά^νηθι^δεῖγὰρτοῖςἀνδρά^σι^τοῖσδεπά_σῃτέχνῃπορί^σαισενί_κηνεἴπερποτὲκαὶνῦν	HHHLLHLHHHHLLHLHHHHLLHLHHHHLLHH	HHHLLHLHLHLLLHLLH-HLLHLHHHHLLHH	Case=Dat|Gender=Fem|Number=Sing	πᾶς	ADJ
νι	ἀ^γωνι^εῖ	ἀλλ'ὅπωςἀ^γωνι^εῖφρόντιζετἀ_πί^λοιπ'ἄ^ριστα^συμμά^χουςδ'ἡμᾶςἔχωνεὔνουςἐπίστα^σαιπά^λαι	HLHLHLHHHLHLHLHLHLHHHLHHHLHLHLH	HLHLH-HHHLLLHLHLLLHHHLHHHL-LHLH	Mood=Ind|Number=Sing|Person=3|Tense=Pres|VerbForm=Fin|Voice=Act	ἀγωνιέω	VERB
τἀ	τἀ_πί^λοιπ'	ἀλλ'ὅπωςἀ^γωνι^εῖφρόντιζετἀ_πί^λοιπ'ἄ^ριστα^συμμά^χουςδ'ἡμᾶςἔχωνεὔνουςἐπίστα^σαιπά^λαι	HLHLHLHHHLHLHLHLHLHHHLHHHLHLHLH	HLHLH-HHHLLLHLHLLLHHHLHHHL-LHLH	Case=Acc|Gender=Neut|Number=Plur	τἀπίλοιπ	NOUN
κά	κά^λων	νῦνδήσεπάντα^δεῖκά^λωνἐξι_έναισεαυτοῦ	HHLHLHLHHHLHLHH	HHLLLHHHHHLHLHH	Case=Gen|Gender=Neut|Number=Plur	κάλος	ADJ
ρι	θούρι^ον	καὶλῆμα^θούρι^ονφορεῖνκαὶλόγουςἀ^φύκτους	HHLHLHLHHLHLHH	HHLH-HLHHLHLLH	Case=Acc|Degree=Pos|Gender=Masc,Neut|Number=Sing	θούριος	ADJ
δρα	ἄνδρα_.	πρὸςταῦθ'ὅπωςἔξειπολὺςκαὶλαμπρὸςεἰςτὸνἄνδρα_	HHLHLHLHHHLHLHH	HHLHHHLLHHLHLHL	Case=Acc|Gender=Masc|Number=Sing	ἀνήρ	NOUN
ρύ	τορύ_νη.	ὡςεἰμὴ'γένεθ'οὗτοςἐντῇπόλειμέγα^ςοὐκἂ^νἤστηνσκεύειδύ^οχρησί^μωδοῖδυξοὐδὲτορύ_νη	HHHLLHLHHLHLLHLHHHHLLHLHHHHLLHH	HHHLLHLHHLHLLHLHHHHL-HLHHHHLLLH	Mood=Sub|Number=Sing|Person=3|Tense=Pres|VerbForm=Fin|Voice=Act	τορύνη	VERB
δί	δεδί^α_σί^	ἀρχήνὅτεπάντεςἄνθρωποιδεδί^α_σί^σ'ὥσπερἄνδρα^τύ^ραννον	HHLLHLHHHLLHLHLHLLHL	HHLLHLHHHLHHLHLHLLLH	Aspect=Perf|Mood=Ind|Number=Plur|Person=3|Tense=Past|VerbForm=Fin|Voice=Act	δεδίασί	VERB
σἂ	ἂ^ν	τούτωνὃςἂ^νᾖπα^χύς	HHLLHLH	HHLHHLL		ἄν	PART
κἄ	κἄ_μ'	αὐτοὺςπερι^έρχομαιτοὺςοἰομένουςφρονεῖνκἄ_μ'ἐξα^πα^τύλλειν	HHLLHLHHHLLHLHHHLLHH	HHLLHLHHHLLHLHLHLLLH	Case=Acc|Gender=Masc|Number=Sing	κἄμ	PRON
λυ	Λυ_σίστρα^τον,	μηδὲνεἰςλυ_σίστρα^τον	HLHHHLH	HLHL-LH	Case=Acc|Gender=Masc|Number=Sing	Λυσίστρατος	NOUN
τι	ἀ^νέστι^ον	μηδὲθούμαντιντὸνἀ^νέστι^οναὖ	HLHHHLLHLLH	HLHHLLLH-LH	Case=Acc|Degree=Pos|Number=Sing	ἀνέστιος	ADJ
πυ	Πυ_θῶνι^	πυ_θῶνι^δί_ᾳμὴκα^κῶςπένεσθαι	HHLHHHLHLHH	LHLHHHLHLHH	Case=Dat|Gender=Masc|Number=Sing	Πυθῶν	PROPN
γά	γάρ	φα_σὶ^μὲνγάραὐτὸνἐρεπτόμενον	HLHHHLLHLLH	HLHLHLLHLLH		γάρ	ADV
ρύ	βα^ρύ_νεται,	καὶπα^λαιῷλακρα^τείδῃτὸσκέλοςβα^ρύ_νεται	HLHHHLHHHLHLHLH	HLHH-LHHHLHLLLH	Mood=Ind|Number=Sing|Person=3|Tense=Pres|VerbForm=Fin|Voice=Mid	βαρύνω	VERB
δι	Δι_ωκτέος	οἴχεταιδι_ωκτέοςδέμὴγὰ^ρἐγχά^νοιποτὲ	HLHHHLHLHLHLHLL	HLHLHLHLHLHLHLL	Case=Gen|Gender=Masc|Number=Sing	Διωκτεύς	NOUN
να	ἵ^να^	κοὐκἀ^νήσωπρὶ^νἂνσχοῖνοςαὐτοῖσι^νἀντεμπα^γῶκαὶσκόλοψὀξύ^ςὀδυ^νηρόςἐπί^κωποςἵ^να^μήποτεπα^τῶσι^νἔτι^τὰ_ςἐμὰ_ςἀμπέλους	HLHHLHHLHHLHHLHHLHHLLLHLLLHLLLHLLLHLLLHLHHLH	HLHHLHHLHHLHHLHHLHHLLLHLLLHLLHHLLLHLLLHLHHLH		ἵνα	SCONJ
τὶ	τουτὶ_	ἡρά^κλειςτουτὶ_τί^ἐστι^τὴνχύ^τρανσυντρίψετε	HLHHHLHLHLHHHLL	H-HHLLHLH-HHHLL	Case=Dat|Gender=Masc|Number=Sing	τουτὶ	ADJ
μι	μι^α^ρὰ_	σὲμὲνοὖνκα^τα^λεύσομενὦμι^α^ρὰ_κεφα^λή	LLHLLHLLHLLHLLH	LLHLLHLLH-LLLLH	Case=Nom|Gender=Fem|Number=Sing	μιαρός	ADJ
ρὰ	μι^α^ρὰ_	σὲμὲνοὖνκα^τα^λεύσομενὦμι^α^ρὰ_κεφα^λή	LLHLLHLLHLLHLLH	LLHLLHLLH-LLLLH	Case=Nom|Gender=Fem|Number=Sing	μιαρός	ADJ
σα	ἠκούσα^τ';	ἀντὶ^δ'ὧνἐσπεισά^μηνἠκούσα^τ'ἀλλ'ἀ^κούσα^τε	HLHHHLHHHLHLHLL	HLHHHLHHHHHLHLL	Aspect=Perf|Mood=Ind|Number=Plur|Person=2|Tense=Past|VerbForm=Fin|Voice=Act	ἠκούσατ';	VERB
φι	φι^λανθρα^κέα_;	ἀ^πολεῖςἄ^ρ'ὁμήλι^κα^τόνδεφι^λανθρα^κέα_	LLHLLHLLHLLHLLH	LLHLLHLLHL-HLLL	Case=Voc|Gender=Masc|Number=Sing	φιλανθρακέα;	NOUN
α	φι^λανθρα^κέα_;	ἀ^πολεῖςἄ^ρ'ὁμήλι^κα^τόνδεφι^λανθρα^κέα_	LLHLLHLLHLLHLLH	LLHLLHLLHL-HLLL	Case=Voc|Gender=Masc|Number=Sing	φιλανθρακέα;	NOUN
ί	Οὑτοιί_	οὑτοιί_σοιχα^μαίκαὶσὺ^κα^τά^θουπά^λιντὸξί^φος	HLHHLHHLLLHLHHLH	HHLHLHHLLLHLLHLH	Case=Nom|Gender=Masc|Number=Plur	Οὑτοις	ADJ
νἁ	ἁ_γὼν	ὡςσκῆψι^νἁ_γὼνοὗτοςοὐκεἰσδέξεται	HHLHHHLHHHLH	HHLLHHLHHHLH	Case=Nom|Gender=Masc|Number=Sing|Tense=Pres|VerbForm=Part|Voice=Act	ἁγὼ	VERB
ρὰ	φλεγυ^ρὰ_	δεῦρομοῦσ'ἐλθὲφλεγυ^ρὰ_πυ^ρὸςἔχουσα^μένος	HLHHLLLHLLLHLLL	HLHH-LLLHLLHLLH	Case=Nom|Gender=Neut|Number=Plur	φλεγυρὰ	NOUN
πυ	πυ^ρὸς	δεῦρομοῦσ'ἐλθὲφλεγυ^ρὰ_πυ^ρὸςἔχουσα^μένος	HLHHLLLHLLLHLLL	HLHH-LLLHLLHLLH	Case=Gen|Gender=Neut|Number=Sing	πῦρ	NOUN
λα	ἀ^νήλα^τ'	οἷονἐξἀνθρά^κωνπρι_νί^νωνφέψα^λοςἀ^νήλα^τ'ἐρεθιζόμενοςοὐρί^ᾳῥι_πί^δι^	HLHHLHHLHHLLLHLLLHLLLHLHHLL	HLHHLHHLHHLLLHHLLHLLLHLH-LL	Case=Acc|Gender=Neut|Number=Plur	ἀνήλατ	ADJ
ρι	ῥι_πί^δι^,	οἷονἐξἀνθρά^κωνπρι_νί^νωνφέψα^λοςἀ^νήλα^τ'ἐρεθιζόμενοςοὐρί^ᾳῥι_πί^δι^	HLHHLHHLHHLLLHLLLHLLLHLHHLL	HLHHLHHLHHLLLHHLLHLLLHLH-LL	Case=Dat|Gender=Fem|Number=Sing	ῥιπίς	NOUN
κἂ	ἂ^ν	ἡνί^κ'ἂ^νἐπανθρα^κί^δεςὦσι^πα^ρα^κείμεναι	HLLLHLLLHLLLHLH	HLHLHLLLHLLLHLH		ἄν	PART
α	Θα^σί^αν	οἱδὲθα^σί^ανἀ^να^κυ^κῶσι^λι^πα^ράμπυ^κα^	HLLLHLLLHLLLHLL	HLLLLLLLHL-LHLL	Case=Acc|Gender=Fem|Number=Sing	Θασία	NOUN
λι	λι^πα^ράμπυ^κα^,	οἱδὲθα^σί^ανἀ^να^κυ^κῶσι^λι^πα^ράμπυ^κα^	HLLLHLLLHLLLHLL	HLLLLLLLHL-LHLL	Case=Acc|Gender=Neut|Number=Plur	λιπαράμπυκος	ADJ
τἀ	τἀ_γορᾷ	οὐδ'ἐντυ^χὼνἐντἀ_γορᾷπρόσεισί^σοιβα^δίζων	HHLHHHLHLHLHLHH	HHLHHLLHLHLHLHH	Case=Nom|Gender=Neut|Number=Plur	τἀγορᾷ	ADJ
ρι	τρι^ά_κονθ'	πλεῖνἢτρι^ά_κονθ'ἡμέραςτοῦμηνὸςἑκάστου	HHLHHHLHHHLLHH	HH-LHHLHHHLL-H		τριάκονθ	NUM
ά	τρι^ά_κονθ'	πλεῖνἢτρι^ά_κονθ'ἡμέραςτοῦμηνὸςἑκάστου	HHLHHHLHHHLLHH	HH-LHHLHHHLL-H		τριάκονθ	NUM
θύ	ὑ^πευθύ_νους	κρα_τὴρκα^κῶντριπτὴρδι^κῶνφαίνεινὑ^πευθύ_νουςλυ^χνοῦχοςκαὶκύ^λιξτὰ^πρά_γμα^τ'ἐγκυ^κᾶσθαι	HHLHHHLHHHLHHHLHHHLHLHLHLHH	HHLHHHLHHHLHLH-HHHLHL-LHLHH	Case=Acc|Gender=Masc|Number=Plur	ὑπευθῦνος	ADJ
τα	κα^τα_γείη	ἰσχυ_ρόνἐστι^νὦγά^θ'ὥστ'οὐκἂνκα^τα_γείηποτ'εἴπερἐκποδῶνκα^τωκά^ρα_κρέμαιτο	HHLHLHLHHHLHHHLHLHLHLHLHLHL	-HLHLHLHHLLLHHLHLHLHLHL-LHL	Mood=Sub|Number=Sing|Person=3|Tense=Pres|VerbForm=Fin|Voice=Act	καταγεῖος	VERB
γά	ἠργά^σα^το	ἠργά^σα^τοπάντα^κα^κά^κἀ_νέτρεπεκἀξέχει	HLLLHLLLHLLLHLH	HHLLLLLLL-LLHLH	Aspect=Perf|Mood=Ind|Number=Sing|Person=3|Tense=Past|VerbForm=Fin|Voice=Mid	ἐργάζομαι	VERB
κἀ	κἀ_νέτρεπε	ἠργά^σα^τοπάντα^κα^κά^κἀ_νέτρεπεκἀξέχει	HLLLHLLLHLLLHLH	HHLLLLLLL-LLHLH	Aspect=Imp|Mood=Ind|Number=Sing|Person=3|Tense=Past|VerbForm=Fin|Voice=Act	κἀνέτρεπε	VERB
κἀ	κἀ_μά^χετο	κἀ_μά^χετοκαὶπροσέτι^πολλὰ^προκα^λουμένου	HLLLHLLLHLLLHLH	LLLLHLLLHLLLHLH	Aspect=Imp|Mood=Ind|Number=Sing|Person=3|Tense=Past|VerbForm=Fin|Voice=Mid	κἀμάχομαι	VERB
λα	μεγά^λα^	ἐπτέρωταίτ'ἐπὶ^τὸδεῖπνονἅ^μα^καὶμεγά^λα^δὴφρονεῖ	HLHHLLLHLLLHLLLHLH	HLHHLLLHLLLHLLHHLH	Case=Nom|Gender=Fem|Number=Dual	μέγας	ADJ
τι	γερόντι^ον	ἢπά^νυ^γερόντι^ονἴ^σωςνενόμι^κάςμεσύ^	HLLLHLLLHLLLHLL	HLLLH-LHHLLLLLL	Case=Acc|Gender=Neut|Number=Sing	γερόντιος	NOUN
νἴ	ἴ^σως	ἢπά^νυ^γερόντι^ονἴ^σωςνενόμι^κάςμεσύ^	HLLLHLLLHLLLHLL	HLLLH-LHHLLLLLL		ἴσως	ADV
α	νέα^	εἶτα^πα^ρὰ^τόνδενέα^μοσχί^δι^α^συκί^δων	HLLLHLLLHLLLHLH	HLLLHLLHHL-LHLH	Case=Nom|Degree=Pos|Gender=Neut|Number=Plur	ναῦς	ADJ
δι	μοσχί^δι^α^	εἶτα^πα^ρὰ^τόνδενέα^μοσχί^δι^α^συκί^δων	HLLLHLLLHLLLHLH	HLLLHLLHHL-LHLH	Case=Nom|Gender=Neut|Number=Plur	μοσχίδιον	NOUN
δί	ὁδί_,	καὶτὸτρί^τονἡμερί^δοςὄσχονὁγέρωνὁδί_	HLLLHLLLHLLLHLH	H-LLHLLLHLLLHLL	Case=Dat|Gender=Neut|Number=Sing	ὁδίς	NOUN
τι	δειπνητι^κῶς	ἤκουσα^ςὡςμα^γειρι^κῶςκομψῶςτεκαὶδειπνητι^κῶςαὑτῷδι^α_κονεῖται	HHLHLHLHHHLHHHLHHHLHLHH	HHLHLHLHHHLHHH-HHH-LLHH		δειπνητικῶς	ADV
δι	δι^α_κονεῖται;	ἤκουσα^ςὡςμα^γειρι^κῶςκομψῶςτεκαὶδειπνητι^κῶςαὑτῷδι^α_κονεῖται	HHLHLHLHHHLHHHLHHHLHLHH	HHLHLHLHHHLHHH-HHH-LLHH	Mood=Ind|Number=Sing|Person=3|Tense=Pres|VerbForm=Fin|Voice=Mid	διακονεῖται;	VERB
α	δι^α_κονεῖται;	ἤκουσα^ςὡςμα^γειρι^κῶςκομψῶςτεκαὶδειπνητι^κῶςαὑτῷδι^α_κονεῖται	HHLHLHLHHHLHHHLHHHLHLHH	HHLHLHLHHHLHHH-HHH-LLHH	Mood=Ind|Number=Sing|Person=3|Tense=Pres|VerbForm=Fin|Voice=Mid	διακονεῖται;	VERB
λι	λι^μῷ	ἀ^ποκτενεῖςλι^μῷ'μὲκαὶτοὺςγείτοναςκνί_σῃτεκαὶφωνῇτοιαῦτα^λάσκων	LHLHLHLHHHLHHHLHHHLHLHH	LHLHHHLHHHLLLHLHHHHHL-H	Case=Dat|Gender=Masc|Number=Sing	λιμός	NOUN
κνί	κνί_σῃ	ἀ^ποκτενεῖςλι^μῷ'μὲκαὶτοὺςγείτοναςκνί_σῃτεκαὶφωνῇτοιαῦτα^λάσκων	LHLHLHLHHHLHHHLHHHLHLHH	LHLHHHLHHHLLLHLHHHHHL-H	Case=Nom|Gender=Fem|Number=Sing	κνῖσα	NOUN
α	ξυγγρα^φέα_,	ἀντί^μα^χοντὸνψα^κά^δοςξυγγρα^φέα_τὸνμελέωνποιητήν	HLLHHLLHHLLHHLLHLHH	HLLHHLLHHLLLHLLHHHH	Case=Acc|Gender=Neut|Number=Plur	ξυγγραφής	ADJ
σι	ἀ^νόσι^ά^	προδεδόμεθ'ἀ^νόσι^ά^τ'ἐπά^θομεν	LLLLLLLLLLLL	LLLLLL-LLLLH		ἀνόσιά	INTJ
ἰ	ἰ^ώ·	ἰ^ὼἰ^ώ	LHLH	HHHH		ἰώ·	INTJ
πι	ἔπι^θ'	ἔπα^γ'ἔπι^θ'ἐπί^φερεπολέμι^ον	LLLLLLLLLLLL	LLL-LLLLLLLH		ἔπιθν	ADV
πα	Πα_νὶ^	πα_νὶ^νόμουςἱ^εροὺςἀ^να^φαίνω	HLLHLLHLLHH	LLLHLLHLLHH	Case=Voc|Gender=Fem|Number=Sing	Πανὶ	NOUN
μα	χορεύμα^τ'	σεμνά^τεμητρὶ^χορεύμα^τ'ὀρείᾳ	HLLHLLHLLHH	HLLHLLHHLHH	Case=Acc|Gender=Neut|Number=Plur	χορεύματ	NOUN
μι	συμμι^γῆ	συμμι^γῆβοὴνὁμοῦπτεροῖσι^κρέκοντεςἴ^ακχονἀ^πόλλω	HLHLHLHLHLLHLLHLLHH	L-HLHLHLHLLHLLHLLHH	Case=Dat|Gender=Fem|Number=Sing	συμμιγής	NOUN
ρι	αἰθέρι^ον	δι^ὰ^δ'αἰθέρι^οννέφοςἦλθεβοά_	LLHLLHLLHLLH	LLHL-HLLHLLL	Case=Acc|Gender=Masc|Number=Sing	αἰθέριος	NOUN
ά	βοά_·	δι^ὰ^δ'αἰθέρι^οννέφοςἦλθεβοά_	LLHLLHLLHLLH	LLHL-HLLHLLL		βοά·	PUNCT
λα	ποικί^λα^	πτῆξεδὲφῦλά^τεποικί^λα^θηρῶν	HLLHLLHLLHH	HLLHLLHLHHH	Case=Nom|Degree=Pos|Gender=Neut|Number=Plur	ποικίλος	ADJ
δι	προσόδι^α^	προσόδι^α^μεγά^λα^σεμνὰ^προσι^έναιθεοῖσι^νἅ^μα^δὲπροσέτι^χά^ρι^τοςἕνεκα^προβά^τι^όντι^θύ_ειν	LLLLLLLHLLLLHLHLLLLLLLLLLLLLLLLHLHH	LL-LLLHHLLLLHLHLLL-LLLLLLLLLLL-HLHH	Case=Nom|Gender=Neut|Number=Plur	προσόδιον	NOUN
λα	μεγά^λα^	προσόδι^α^μεγά^λα^σεμνὰ^προσι^έναιθεοῖσι^νἅ^μα^δὲπροσέτι^χά^ρι^τοςἕνεκα^προβά^τι^όντι^θύ_ειν	LLLLLLLHLLLLHLHLLLLLLLLLLLLLLLLHLHH	LL-LLLHHLLLLHLHLLL-LLLLLLLLLLL-HLHH	Case=Nom|Gender=Fem|Number=Dual	μέγας	ADJ
τι	προβά^τι^όν	προσόδι^α^μεγά^λα^σεμνὰ^προσι^έναιθεοῖσι^νἅ^μα^δὲπροσέτι^χά^ρι^τοςἕνεκα^προβά^τι^όντι^θύ_ειν	LLLLLLLHLLLLHLHLLLLLLLLLLLLLLLLHLHH	LL-LLLHHLLLLHLHLLL-LLLLLLLLLLL-HLHH	Case=Acc|Gender=Neut|Number=Sing	προβάτιόν	NOUN
πυ	Πυ_θι^ὰς	ἴ^τωἴ^τωἴ^τωδὲπυ_θι^ὰςβοά_συ^ναυλείτωδὲχαῖρι^ςᾠδᾷ	LHLHLHLHLHLHLHHHLHLHH	LHLHLHLL-HLLLHHHLHLHH	Case=Gen|Gender=Fem|Number=Sing	Πυθιὰ	PROPN
θι	Πυ_θι^ὰς	ἴ^τωἴ^τωἴ^τωδὲπυ_θι^ὰςβοά_συ^ναυλείτωδὲχαῖρι^ςᾠδᾷ	LHLHLHLHLHLHLHHHLHLHH	LHLHLHLL-HLLLHHHLHLHH	Case=Gen|Gender=Fem|Number=Sing	Πυθιὰ	PROPN
ά	βοά_,	ἴ^τωἴ^τωἴ^τωδὲπυ_θι^ὰςβοά_συ^ναυλείτωδὲχαῖρι^ςᾠδᾷ	LHLHLHLHLHLHLHHHLHLHH	LHLHLHLL-HLLLHHHLHLHH	Mood=Ind|Number=Sing|Person=3|Tense=Pres|VerbForm=Fin|Voice=Act	βοά	VERB
τἄ	τἄ_ρα^	εἶτ'αὖθι^ςαὖτἄ_ρα^σοι	HHLHHLH	HHLHLLH		ἄρα	INTJ
θύ	θύ_μα^τ'	τὰ^γὰρπα^ρόντα^θύ_μα^τ'οὐδὲνἄλλοπλὴνγένειόντ'ἐστὶ^καὶκέρα_τα^	LHLHLHLHLHLHLHHHLHLHL	LLLHLLLHLH-HLHHHLHLLL	Case=Acc|Gender=Neut|Number=Plur	θύματ	NOUN
ρα	κέρα_τα^.	τὰ^γὰρπα^ρόντα^θύ_μα^τ'οὐδὲνἄλλοπλὴνγένειόντ'ἐστὶ^καὶκέρα_τα^	LHLHLHLHLHLHLHHHLHLHL	LLLHLLLHLH-HLHHHLHLLL	Case=Acc|Gender=Neut|Number=Plur	κέρας	NOUN
λά	λά^θῃ	μήσελά^θῃθεῶντιςταύτῃπερῶν	HLLHLHHHHLH	HLHHLHLHHLH	Case=Nom|Gender=Neut|Number=Plur	λάθῃ	NOUN
ά	πολυ^ά_νορα^	τά^χα^δὴπολυ^ά_νορα^τάνδεπόλιν	LLHLLHLLHLLH	LLHLLLLLHLLL	Case=Acc|Degree=Pos|Gender=Fem,Masc|Number=Sing	πολυάνωρ	ADJ
δί	ὡδί_.	τύπτωνγετοῦτονὡδί_	HHLHLHH	HHLHLHL		ὡδί	ADV
μα	Μα_νῆς	μα_νῆςγά^ρἐστι^δειλός	HHLHLHH	LHLHLHH	Case=Gen|Gender=Fem|Number=Sing	Μανῆ	NOUN
τι	μαντι^κὰ^	τά^τεμουσί^χ'ὁμοῦτά^τεμαντι^κὰ^καὶτὰ^θα^λάττι^'ἔπειτα^δ'ὅπωςφρονί^μως	LLHLLHLLHLLHLLHLLHLLHLLH	LLHLLHLLH-LHLLLLLHLLHLLH	Case=Nom|Degree=Pos|Gender=Neut|Number=Plur	μαντικός	ADJ
μα	πράγμα^τ'	πολλὰ^δὴκαὶκαινὰ^καὶθαυμάστ'ἐπεπτόμεσθα^καὶδεινὰ^πράγμα^τ'εἴδομεν	HLHHHLHHHLHLHLHHLHLHLH	HLHHHLHH-LHLHLHHL-HHLH	Case=Acc|Gender=Neut|Number=Plur	πράγματ	NOUN
σἀ	ἀ_εὶ	τοῦτοτοῦμὲνἦροςἀ_εὶ	HLHLHLHH	HLHLHLLH		ἀεί	ADV
να	ξυ^να_ριστῶσι^	ἔνθα^τοῖςἥρωσι^νἄνθρωποιξυ^να_ριστῶσι^καὶξύ^νεισι^πλὴντῆςἑσπέρας	HLHHHLHHHLHHHLHLHLHHHLH	HLHHHLHHHLL-HLHLHLHHHLH	Case=Dat|Degree=Pos|Gender=Masc|Number=Plur	ξυναριστῶσι	ADJ
τἀ	τἀ_πὶ^	γυμνὸςἦνπληγεὶςὑ^π'αὐτοῦπάντα^τἀ_πὶ^δεξι^ά_	HLHHHLHHHLHLHLH	HLHHHLHHLLLLH-L		ἐπί	ADV
σι	δεξι^ά_.	γυμνὸςἦνπληγεὶςὑ^π'αὐτοῦπάντα^τἀ_πὶ^δεξι^ά_	HLHHHLHHHLHLHLH	HLHHHLHHLLLLH-L	Case=Nom|Gender=Neut|Number=Plur	δεξιός	ADJ
ά	δεξι^ά_.	γυμνὸςἦνπληγεὶςὑ^π'αὐτοῦπάντα^τἀ_πὶ^δεξι^ά_	HLHHHLHHHLHLHLH	HLHHHLHHLLLLH-L	Case=Nom|Gender=Neut|Number=Plur	δεξιός	ADJ
σκι	Σκι^ά_ποσιν	πρὸςδὲτοῖςσκι^ά_ποσινλίμνητι^ςἔστ'ἄ^λουτοςοὗψυ_χα^γωγεῖσωκρά^της	HLHLHLHHHLHLHLHHLHHHLH	HLH-LLLHHLHLHLHHLHHHLH	Case=Dat|Gender=Masc|Number=Plur	Σκιάπος	NOUN
ά	Σκι^ά_ποσιν	πρὸςδὲτοῖςσκι^ά_ποσινλίμνητι^ςἔστ'ἄ^λουτοςοὗψυ_χα^γωγεῖσωκρά^της	HLHLHLHHHLHLHLHHLHHHLH	HLH-LLLHHLHLHLHHLHHHLH	Case=Dat|Gender=Masc|Number=Plur	Σκιάπος	NOUN
λι	προὔλι^πε,	ἔνθα^καὶπείσανδροςἦλθεδεόμενοςψυ_χὴνἰ^δεῖνἣζῶντ'ἐκεῖνονπροὔλι^πε	HLHHHLHLLLLHHHLHHHLHHHLH	HLHHHLHLLLLHHHLHHHLHHH-L	Aspect=Imp|Mood=Ind|Number=Sing|Person=3|Tense=Past|VerbForm=Fin|Voice=Act	προὔλιπε	VERB
ρυ	τρυ_γῶσι^	οἳθερίζουσίντεκαὶσπείρουσι^καὶτρυ_γῶσι^ταῖςγλώτταισι^συ_κά^ζουσί^τε	HLHHHLHHHLHHHLHHHLHLHLL	HLHHLLHHHLHLHLHHHLLHHLL	Case=Dat|Gender=Masc|Number=Plur|Tense=Pres|VerbForm=Part|Voice=Act	τρυγῶ	VERB
συ	συ_κά^ζουσί^	οἳθερίζουσίντεκαὶσπείρουσι^καὶτρυ_γῶσι^ταῖςγλώτταισι^συ_κά^ζουσί^τε	HLHHHLHHHLHHHLHHHLHLHLL	HLHHLLHHHLHLHLHHHLLHHLL	Mood=Ind|Number=Plur|Person=3|Tense=Pres|VerbForm=Fin|Voice=Act	συκάζω	VERB
κἀ	Φί^λιπποι.	βάρβα^ροιδ'εἰσὶνγένουςγοργί^αιτεκαὶφί^λιπποικἀ_πὸτῶνἐγγλωττογαστόρωνἐκείνωντῶνφι^λίππων	HLHHHLHHLHLHLHHHLHHHLHLHLHHHLHH	LLHHLLHHLHLHLHHLLHHHL-LHLHHH-HH	Case=Nom|Gender=Masc|Number=Plur	Φίλιππος	NOUN
τι	Ἀττι^κῆς	παντα^χοῦτῆςἀττι^κῆςἡγλῶττα^χωρὶςτέμνεται	HLHHHLHHHLHHHLH	HLHHH-HHHLHLHLH	Case=Gen|Gender=Fem|Number=Sing	ἀττική	NOUN
μι	ξυ^νεκοίμι^σαν	μοῖραιξυ^νεκοίμι^σαν	HHLLHLH	HHLLH-L	Mood=Ind|Number=Plur|Person=3|Tense=Pqp|VerbForm=Fin|Voice=Act	ξυνεκοίμισαν	VERB
δὑ	ὑ^μεναίῳ.	ἐντοιῷδ'ὑ^μεναίῳ	LHHLLHH	HHHHLHH	Case=Dat|Gender=Masc|Number=Sing	ὑμεναίῳ	NOUN
τὶ	Τουτὶ_	τουτὶ_μέντοιθαυμαστόν	HHHHHHL	HLHHH-H	Case=Dat|Gender=Masc|Number=Sing	Τουτὶ	ADJ
ά	εὐά_γητον	ἀρθῶμενφα^νεραὶδροσερὰνφύ^σι^νεὐά_γητον	HHHLLHLLHLLHHHH	HHHLLHLLHLLHLHH	Case=Acc|Degree=Pos|Number=Sing	εὐάγητος	ADJ
α	βα^ρυ^α_χέος	πατρὸςἀ^π'ὠκεα^νοῦβα^ρυ^α_χέος	HLLHLLHLLHLL	-LLHLLHLLLLH	Case=Gen|Gender=Masc|Number=Sing	βαρυαχής	ADJ
πι	ἔπι^	ὑψηλῶνὀρέωνκορυ^φὰ_ςἔπι^δενδροκόμουςἵ^να^τηλεφα^νεῖςσκοπι^ὰςἀ^φορώμεθα^	HHHLLHLLHLLHLLHLLHLLHLLHLLHLL	HHHLLHLLHL-HLLHLHHLLHLLHLLHLL		ἐπί	ADP
να	ἵ^να^	ὑψηλῶνὀρέωνκορυ^φὰ_ςἔπι^δενδροκόμουςἵ^να^τηλεφα^νεῖςσκοπι^ὰςἀ^φορώμεθα^	HHHLLHLLHLLHLLHLLHLLHLLHLLHLL	HHHLLHLLHL-HLLHLHHLLHLLHLLHLL		ἵνα	SCONJ
σἀ	ἀ_κά^μα^τον	ὄμμα^γὰ^ραἰθέροςἀ_κά^μα^τονσελα^γεῖται	HLLHLLHLLHLLHH	HLLHLLLLLHLLHH	Case=Acc|Gender=Neut|Number=Sing	ἀκάματος	ADJ
βρι	ὄμβρι^ον	ἀλλ'ἀ^ποσεισά^μεναινέφοςὄμβρι^ον	HLLHLLHLLHLL	HLLHLLHLLH-H	Case=Acc|Gender=Neut|Number=Sing	ὄμβριος	NOUN
βα	σέβα^ς	οὗσέβα^ςἀρρήτωνἱ^ερῶνἵ^να^μυστοδόκοςδόμοςἐντελεταῖςἁ^γί^αιςἀ^να^δείκνυ^ται	HLLHHHLLHLLHLLHLLHLLHLLHLLHLL	HLHHHHLLHLH-LLHLLHLLHLLHLLHLH	Case=Acc|Gender=Neut|Number=Sing	σέβας	NOUN
να	ἵ^να^	οὗσέβα^ςἀρρήτωνἱ^ερῶνἵ^να^μυστοδόκοςδόμοςἐντελεταῖςἁ^γί^αιςἀ^να^δείκνυ^ται	HLLHHHLLHLLHLLHLLHLLHLLHLLHLL	HLHHHHLLHLH-LLHLLHLLHLLHLLHLH		ἵνα	SCONJ
ρι	τρι^αίνης	τόντεμεγασθενῆτρι^αίνηςτα^μί^ανγῆςτεκαὶἁλμυ^ρᾶςθα^λάσσηςἄ^γρι^ονμοχλευτήν	HLLHLHLHHLLHHLLHLHLHHLLHLHH	HLL-LH-HHLLHHLHHLHL-H-LH-HH	Case=Gen|Gender=Fem|Number=Sing	τριαῖνα	NOUN
ρα	ὑψι^κέρα_τα^	ὑψι^κέρα_τα^πέτραν	HLLHLHH	LLLLL-H	Case=Acc|Gender=Neut|Number=Plur	ὑψικέρατος	ADJ
λι	πολι^οῦχος	ἥτ'ἐπι^χώρι^οςἡμετέρα_θεὸςαἰγί^δοςἡνί^οχοςπολι^οῦχοςἀ^θά_να_	HLLHLLHLLHLLHLLHLLHLLHLLHH	HLLHLLHLLHLLHLLHLLHL-HLHLL	Case=Nom|Gender=Masc|Number=Sing	πολιοῦχος	NOUN
σἀ	πολι^οῦχος	ἥτ'ἐπι^χώρι^οςἡμετέρα_θεὸςαἰγί^δοςἡνί^οχοςπολι^οῦχοςἀ^θά_να_	HLLHLLHLLHLLHLLHLLHLLHLLHH	HLLHLLHLLHLLHLLHLLHL-HLHLL	Case=Nom|Gender=Masc|Number=Sing	πολιοῦχος	NOUN
θά	Ἀ^θά_να_·	ἥτ'ἐπι^χώρι^οςἡμετέρα_θεὸςαἰγί^δοςἡνί^οχοςπολι^οῦχοςἀ^θά_να_	HLLHLLHLLHLLHLLHLLHLLHLLHH	HLLHLLHLLHLLHLLHLLHL-HLHLL		Ἀθάνα·	PUNCT
να	Ἀ^θά_να_·	ἥτ'ἐπι^χώρι^οςἡμετέρα_θεὸςαἰγί^δοςἡνί^οχοςπολι^οῦχοςἀ^θά_να_	HLLHLLHLLHLLHLLHLLHLLHLLHH	HLLHLLHLLHLLHLLHLLHL-HLHLL		Ἀθάνα·	PUNCT
δι	Δι^όνυ_σος.	κωμαστὴςδι^όνυ_σος	HHHLLHH	H-H-LLH	Case=Nom|Gender=Masc|Number=Sing	Διόνυσος	NOUN
νυ	Δι^όνυ_σος.	κωμαστὴςδι^όνυ_σος	HHHLLHH	H-H-LLH	Case=Nom|Gender=Masc|Number=Sing	Διόνυσος	NOUN
δι	δι^ά^θρει	φρόντιζεδὴκαὶδι^ά^θρειπάντα^τρόποντεσαυτὸν	HHLHHLLHHLLHLHH	HHLHH-LHLLLHLHH	Mood=Ind|Number=Sing|Person=3|Tense=Fut|VerbForm=Fin|Voice=Act	διάθρημι	VERB
δὶ	ὡδὶ_	μι_μούμενοςκαὶτοῖνποδοῖνὡδὶ_πα^ρενσα^λεύων	HHLHHHLHHHLHLHH	HHLHHHLHHLLHLHH	Case=Voc|Gender=Fem|Number=Sing	ὡδὶ	NOUN
νὶ	τουτονὶ_	βληχώμενοισὲτουτονὶ_πεινῶντα^κα^τα^λα^βόντες	HHLHLHLHHHLLLLHH	HHLHLHLLHHLLLLHH	Case=Dat|Gender=Masc|Number=Sing	τουτονὶ	ADJ
ρυ	γρυ_λίζοντες	ὑ_μεῖςδὲγρυ_λίζοντεςὑ^πὸφι^ληδί^ας	HHLHHHLLLLHLH	HH-LHHLLL-HLH	Case=Nom|Gender=Masc|Number=Plur|Tense=Pres|VerbForm=Part|Voice=Act	γρυλίζω	VERB
φι	φι^ληδί^ας	ὑ_μεῖςδὲγρυ_λίζοντεςὑ^πὸφι^ληδί^ας	HHLHHHLLLLHLH	HH-LHHLLL-HLH	Case=Gen|Gender=Fem|Number=Sing	φιληδία	NOUN
λύ	μολύ_νουσάν	καὶμαγγα^νεύουσανμολύ_νουσάντετοὺςἑταίρους	HHLHHHLHHHLHLHH	HHLHHLLLHLLHLHH	Case=Acc|Gender=Fem|Number=Sing|Tense=Pres|VerbForm=Part|Voice=Act	μολύνουσάν	VERB
σι	τὸνχθιζι^νὸν	τά^χα^δ'ἂνδι^ὰ^τὸνχθιζι^νὸνἄνθρωπονὃςἡμᾶςδι^έδυ_πως	LLHLLHHLLHHLLHHLLHH	LLLLLHH-LHHLLHH-LHH	Case=Acc|Degree=Pos|Gender=Masc|Number=Sing	τὸνχθιζινὸς	ADJ
τἴ	ἴ^σως	εἶτ'ἴ^σωςκεῖταιπυ^ρέττων	HLHHHLHH	HHHHHLHH		ἴσως	ADV
σἁ	ἁ_νήρ.	ἔστι^γὰρτοιοῦτοςἁ_νήρ	HLHHHLHH	HLLHHLLH	Case=Nom|Gender=Masc|Number=Sing	ὁ	NOUN
τἀ	τἀ_πὶ^	ἔσθι^εμηδ'ἀ^γα^νάκτεικαὶγὰ^ρἀ^νὴρπα^χὺ^ςἥκειτῶνπροδόντωντἀ_πὶ^θρᾴκης	HLLHLLHHHLLHLLHHHLHHHLHH	HLLHLLLHHLLHLLHHHLHHL-HH		ἐπί	ADV
πα	πα_πί^α^·	μὰ^δί^'ἀλλ'ἰσχά^δα^ςὦπα_πί^α^ἥδι^ονγά^ροὐκἂνμὰ^δί^'εἰκρέμαισθέγ'ὑ_μεῖς	LLHHLLHHLLHLHLHHLLHLHLHH	LLH-LLHLLHH-HLHLLLHLHLHH	Case=Nom|Gender=Fem|Number=Sing	παπία·	NOUN
α	πα_πί^α^·	μὰ^δί^'ἀλλ'ἰσχά^δα^ςὦπα_πί^α^ἥδι^ονγά^ροὐκἂνμὰ^δί^'εἰκρέμαισθέγ'ὑ_μεῖς	LLHHLLHHLLHLHLHHLLHLHLHH	LLH-LLHLLHH-HLHLLLHLHLHH	Case=Nom|Gender=Fem|Number=Sing	παπία·	NOUN
δι	ἥδι^ον	μὰ^δί^'ἀλλ'ἰσχά^δα^ςὦπα_πί^α^ἥδι^ονγά^ροὐκἂνμὰ^δί^'εἰκρέμαισθέγ'ὑ_μεῖς	LLHHLLHHLLHLHLHHLLHLHLHH	LLH-LLHLLHH-HLHLLLHLHLHH	Case=Acc|Degree=Pos|Number=Sing	ἥδιος	ADJ
τἄ	τἄ_ρα^	μὰ^δί^'οὔτἄ_ρα^προπέμψωσετὸλοιπόν	LLHHLLHHLLHH	LLHLLLHHLLHH		ἄρα	INTJ
νυ	νυ_ν,	ἄ^γενυ_νὦπά^τερἢνμὴτὸδι^καστήρι^ονἅρχων	LLHHLLHHLLHHLLHH	LLLHLLHHLL-H-LHH		νυν	ADV
ρι	δι^καστήρι^ον	ἄ^γενυ_νὦπά^τερἢνμὴτὸδι^καστήρι^ονἅρχων	LLHHLLHHLLHHLLHH	LLLHLLHHLL-H-LHH	Case=Nom|Gender=Neut|Number=Sing	δικαστήριον	NOUN
θἄ	ἄ_ριστον;	κα^θί^σῃνῦνπόθενὠνησόμεθ'ἄ_ριστονἔχειςἐλπί^δα^χρηστήντι^να^νῷνἢπόρονἕλλαςἱερόν	LLHHLLHHLLHHLLHHLLHHLLHH	LLHHLLHHLLL-LLHHLLHHLLHHLLHHLLH	Case=Acc|Gender=Neut|Number=Sing	ἄριστον;	NOUN
κι	θυ_λά^κι^ον,	ἀ^νόνητονἄ^ρ'ὦθυ_λά^κι^ονσ'εἶχονἄ^γαλμα^	LLHLLHHLLHHLLHL	LLHLLHHL-HHLLLL	Case=Acc|Gender=Neut|Number=Sing	θυλάκιον	NOUN
κἀ	κἀ_ποκλείων	κἀ_ποκλείωντῇθύ^ρᾳλέξονπρὸςεὔνουςγὰρφρά^σεις	HLHHHLHHHLHHHLH	L-HHHLHHHLHHLLH	Case=Nom|Gender=Masc|Number=Sing|Tense=Pres|VerbForm=Part|Voice=Act	κἀποκλείοι	VERB
σἁ	ἁ_νὴρ	τοῦτ'ἐτόλμησ'ὁμι^α^ρὸςχα^νεῖνὁδημολογοκλέωνὅδ'ὅτι^λέγειςσύ^τι^περὶ^τῶννεῶνἀ^ληθέςοὐγὰ^ρἄνποθ'οὗτοςἁ_νὴρτοῦτ'ἐτόλμησενλέγεινεἰμὴξυ^νωμότηςτι^ςἦν	HLHHLLLHLHLHLLLLHLLLLHLLLLHLHLHLHLHLHLHHHLHHHLHHHLHLHLH	HLHHLLLHLHLHLL-LHLLLLHLLLLHLHLHLHLLLHLLHHLHHHLHHHLHLHLH	Case=Nom|Gender=Masc|Number=Sing	ὁ	NOUN
δι	δι^α^τρα^γεῖν	δι^α^τρα^γεῖντοίνυνκρά^τιστόνἐστί^μοιτὸδίκτυ^ον	LLLHHHLHLHLHLHLH	--LHHLLLLHLHLHLH	Aspect=Perf|Tense=Past|VerbForm=Inf|Voice=Act	διατργῄσκω	VERB
δι	δέδι^θι^,	μηδένὦτᾶνδέδι^θι^μηδένὡςἐγὼτοῦτόνγ'ἐὰνγρύξῃτι^ποιήσωδα^κεῖντὴνκαρδί^ανκαὶτὸνπερὶψυ_χῆςδρόμονδρα^μεῖνἵ^ν'εἰδῇμὴπα^τεῖντὰ^ταῖνθεαῖνψηφίσμα^τα^	HLHHLLLHLHLHHHLHHHLHHHLHHHLHHHLHHHLHLHLHHHLHLHLHHHLL	HLHHL-LHLHLHHHLLHHLHHHLHHHLHHHLLHHLHLHLHHHLHLHLHHLLL	Aspect=Perf|Mood=Imp|Number=Sing|Person=2|Tense=Past|VerbForm=Fin|Voice=Act	δέδω	VERB
γὰ	γὰρ	τόνδελέγεινὁρᾷςγὰρὥςσοιμέγα^ςἐστὶ^νἁ_γὼν	HLLHLHH	HLLHLHLHHLLHLLH		γάρ	ADV
δί	ὁδί_	τί^γάρφα^θ'ὑ_μεῖςἢνὁδί_μετῷλόγῳκρα^τήσῃ	LHLHHHLHLHLHLHH	LLLHHHLLLHLHLHH	Case=Dat|Gender=Neut|Number=Sing	ὁδίς	NOUN
μι	εἰμι_.	κα^λῶςγὰ^ρᾔδεινὡςἐγὼταύτῃκρά^τιστόςεἰμι_	LHLHHHLHHHLHLHH	LHLHHHLHHHLLLHL	Mood=Ind|Number=Sing|Person=1|Tense=Pres|VerbForm=Fin|Voice=Act	εἰμί	AUX
μα	πράγμα^θ',	νενουθέτηκεναὑτὸνἐςτὰ^πράγμα^θ'οἷς	LHLHLHLHLHLH	LHLHLHLHL-HH	Case=Acc|Gender=Neut|Number=Plur	πράγμαθ	NOUN
πύ	Πύ_θι^',	ὦφοῖβ'ἄ^πολλονπύ_θι^'ἐπ'ἀ^γα^θῇτύ^χῃ	HHLHHHLLLLHLH	HHLHHL-LLLHLH		Πύθις	X
θι	Πύ_θι^',	ὦφοῖβ'ἄ^πολλονπύ_θι^'ἐπ'ἀ^γα^θῇτύ^χῃ	HHLHHHLLLLHLH	HHLHHL-LLLHLH		Πύθις	X
α	νεα^νι^κὴν	νεα^νι^κὴνσχεῖνὡςἐγὼτοὐμὸννομίζω	LLLHHHLHHHLHH	LH-HHHLHHHLHH	Case=Acc|Gender=Fem|Number=Sing	νεανικὴ	ADJ
νι	νεα^νι^κὴν	νεα^νι^κὴνσχεῖνὡςἐγὼτοὐμὸννομίζω	LLLHHHLHHHLHH	LH-HHHLHHHLHH	Case=Acc|Gender=Fem|Number=Sing	νεανικὴ	ADJ
α	νεα^νι^ῶν	γῆρα^ςεἶναικρεῖττονἢπολλῶνκι^κίννουςνεα^νι^ῶνκαὶσχῆμα^κεὐρυ^πρωκτί^αν	HLHHHLHHHLHHLLLHHLHLHLH	HLHHHLHHHLLHLHLHHHLH-HLH	Case=Gen|Gender=Neut|Number=Plur	νεανιῶν	NOUN
τί	κεὐρυ^πρωκτί^αν.	γῆρα^ςεἶναικρεῖττονἢπολλῶνκι^κίννουςνεα^νι^ῶνκαὶσχῆμα^κεὐρυ^πρωκτί^αν	HLHHHLHHHLHHLLLHHLHLHLH	HLHHHLHHHLLHLHLHHHLH-HLH	Case=Acc|Gender=Fem|Number=Sing	κεὐρυπρωκτίω	ADJ
νἴ	ἂ^ν	τά^χα^δ'ἂ^νἴ^σωςοὐκἐθέλοι	LLLLHHLLH	LLLHHHLLH		ἄν	PART
σἀ	ἀ^εί.	φύ^σεωςἣνἔχοιτι^ςἀ^εί	LHHLHLLH	LLHHLHLLH		ἀεί	ADV
φι	φι^λοπα^τρί^αν	τυ^χὼνἄ^πεισινδι^ὰ^τὴνφι^λοπα^τρί^ανκαὶσοφί^αν	LHLHHLLHLLLLHHLLL	LHLHLLLH-L-LHHLLH	Case=Acc|Gender=Fem|Number=Sing	φιλοπατρία	NOUN
φι	Φι^λοκλέωνος.	ὁπαῖςὁφι^λοκλέωνος	LHLLLLHL	LHL--LHH	Case=Gen|Gender=Masc|Number=Sing	Φιλοκλέων	NOUN
ἀ	Ἀ_γι^δῶς	ἀ_γι^δῶςτὸφῶςὁρῶ	HLHLHLH	L-HLHLH	Case=Nom|Gender=Masc|Number=Sing	Ἀγιδῶς	NOUN
γι	Ἀ_γι^δῶς	ἀ_γι^δῶςτὸφῶςὁρῶ	HLHLHLH	L-HLHLH	Case=Nom|Gender=Masc|Number=Sing	Ἀγιδῶς	NOUN
τἄ	ἄ_λι^ον,	ϝ'ὥτ'ἄ_λι^ονὅνπερἇμι_ν	HHLLHLHH	HL-LHLHL	Case=Acc|Gender=Masc|Number=Sing	ἄλιος	ADJ
λι	ἄ_λι^ον,	ϝ'ὥτ'ἄ_λι^ονὅνπερἇμι_ν	HHLLHLHH	HL-LHLHL	Case=Acc|Gender=Masc|Number=Sing	ἄλιος	ADJ
ἀ	Ἀ_γι^δὼ	ἀ_γι^δὼμαρτύ_ρεται	HLHHHLH	L-HHLLH	Mood=Ind|Number=Sing|Person=1|Tense=Pres|VerbForm=Fin|Voice=Act	Ἀγιδὼ	VERB
γι	Ἀ_γι^δὼ	ἀ_γι^δὼμαρτύ_ρεται	HLHHHLH	L-HHLLH	Mood=Ind|Number=Sing|Person=1|Tense=Pres|VerbForm=Fin|Voice=Act	Ἀγιδὼ	VERB
τύ	μαρτύ_ρεται	ἀ_γι^δὼμαρτύ_ρεται	HLHHHLH	L-HHLLH	Mood=Ind|Number=Sing|Person=3|Tense=Pres|VerbForm=Fin|Voice=Mid	μαρτύρω	VERB
νι	νι^ν	οὔτεμωμήσθαινι^νἁ_κλεννὰ_χορα_γὸς	HLHHHLHHHLHH	HLHHH-HHLLLH	Case=Acc|Gender=Masc|Number=Sing	νιν	PRON
νὰ	κλεννὰ_	οὔτεμωμήσθαινι^νἁ_κλεννὰ_χορα_γὸς	HLHHHLHHHLHH	HLHHH-HHLLLH	Case=Nom|Gender=Fem|Number=Sing	κλεννὰ	NOUN
ρα	χορα_γὸς	οὔτεμωμήσθαινι^νἁ_κλεννὰ_χορα_γὸς	HLHHHLHHHLHH	HLHHH-HHLLLH	Case=Nom|Gender=Masc|Number=Sing	χοραγὸς	NOUN
δἁ	ἁ^μῶς	οὐδ'ἁ^μῶςἐῆιδοκεῖγὰ^ρἤμεναὔτα_	HLHLHLHLHLHH	HHHLHLHLHLHL	Degree=Pos	ἁμός	ADV
τα	αὔτα_	οὐδ'ἁ^μῶςἐῆιδοκεῖγὰ^ρἤμεναὔτα_	HLHLHLHLHLHH	HHHLHLHLHLHL	Case=Acc|Gender=Neut|Number=Plur|Person=3|PronType=Prs	αὔτα	PRON
στά	στά_σειεν	ἐκπρεπὴςτὼςὥπεραἴτι^ςἐνβοτοῖςστά_σειενἵππον	HLHHHLHLHLHHHLHH	HLHHHLHLHLHLHLHH	Aspect=Perf|Mood=Opt|Number=Plur|Person=3|Tense=Past|VerbForm=Fin|Voice=Act	στάζω	VERB
πα	πα_γὸν	πα_γὸνἀ^εθλοφόρονκα^να^χά_ποδα^	HLLHLLHLLHLL	LLL-LLHLLLLL	Case=Acc|Gender=Masc|Number=Sing	παγὸς	NOUN
χά	κα^να^χά_ποδα^	πα_γὸνἀ^εθλοφόρονκα^να^χά_ποδα^	HLLHLLHLLHLL	LLL-LLHLLLLL	Case=Acc|Gender=Neut|Number=Plur	καναχάποδος	NOUN
ἁ	ἁ_γὼ	ἁ_γὼδι^καιῶνμὴπα^ρ'ἀγγέλωντέκνα^	HHLHHHLHLHHL	LHLHHHLHLH-L	Mood=Ind|Number=Sing|Person=1|Tense=Pres|VerbForm=Fin|Voice=Act	ὁ	VERB
τί	κα^τοικτί_ρων	εἴηντοιάνδεμὴοὐκα^τοικτί_ρωνἕδρα_ν	HHLHLLHLHHHLH	HHHHLHHLHLH-H	Case=Nom|Gender=Masc|Number=Sing|Tense=Pres|VerbForm=Part|Voice=Act	κατοικτείρω	VERB
θα	θα_κεῖ,	ἀ^γοραῖσι^θα_κεῖπρόςτεπαλλά^δοςδι^πλοῖς	LLHLHHHLHLHLH	LLHLLHHLHLH-H	Mood=Ind|Number=Sing|Person=3|Tense=Pres|VerbForm=Fin|Voice=Act	θακέω	VERB
κυ	Θουκυ_δί^δης	θουκυ_δί^δηςἀ^θηναῖοςξυ^νέγρα^ψετὸνπόλεμοντῶνπελοποννησί^ων	HHLHLHHHLHHLHLLHHLLHHLH	HLLHLHHHL-LLHLLHHLLHHLH	Case=Nom|Gender=Masc|Number=Sing	Θουκυδίδης	PROPN
λι	Καλλι^όπη	καλλι^όπηφα^έθοντα^τὸνεὐ_ρυ^φά^εσσα^βοῶπι_ς	HLLHLLHLLHLLHLLHH	H-LHLLHLLHLLHLLHL	Case=Nom|Gender=Fem|Number=Sing	καλλιόπη	NOUN
ρί	Ὑ^περί_ων	γῆμεγὰ^ρεὐ_ρυ^φά^εσσα^νἀ^γακλειτὴνὑ^περί_ων	HLLHLLHLLHHHLLHH	HLLHLLHLLLHHLLLH	Case=Nom|Degree=Cmp|Gender=Masc|Number=Sing	Ὑπερίων	ADJ
κα	κα_λὸν	τηλαυγέςκα_λὸνδὲπερὶ^χροῒ^λάμπεταιἔσθος	HHHHHLLHLLHLLHH	HHHLHLLLLLHLHHH	Case=Acc|Gender=Masc|Number=Sing	καλός	ADJ
μι	ἡμι^θέων	ἡμι^θέωνὧνἔργα^θεοὶθνητοῖσι^νἔδειξα^ν	HLLHHHLLHHHLLHH	H-LHHHLLHHHLLHL	Case=Gen|Degree=Pos|Gender=Masc|Number=Plur	ἡμιθής	ADJ
α	ἰ_τέα^ν	ἐγκέλα^δονἰ_τέα^νἐςμέσηνθενὼνδορὶ^	HLLLHLLHLHLHLL	HLLLHLHHLHLHLL	Case=Acc|Gender=Fem|Number=Sing	ἰτέας	NOUN
